frame,health,gt_x,gt_y,est_x,est_y,est_z
0,1,0.0,0.0,0.0,0.0,0.0
1,1,0.0905,0.1407,0.0905,0.1407,0.0
2,1,0.1809,0.2812,0.1809,0.2812,0.0
3,1,0.2713,0.4212,0.2713,0.4212,0.0
4,1,0.3615,0.5605,0.3615,0.5605,0.0
5,1,0.4516,0.699,0.4516,0.699,0.0
6,1,0.5416,0.8363,0.5416,0.8363,0.0
7,1,0.6313,0.9722,0.6313,0.9722,0.0
8,1,0.7207,1.1066,0.7207,1.1066,0.0
9,1,0.8099,1.2392,0.8099,1.2392,0.0
10,1,0.8987,1.3698,0.8987,1.3698,0.0
11,1,0.9872,1.4982,0.9872,1.4982,0.0
12,1,1.0752,1.6241,1.0752,1.6241,0.0
13,1,1.1629,1.7475,1.1629,1.7475,0.0
14,1,1.25,1.868,1.25,1.868,0.0
15,1,1.3367,1.9854,1.3367,1.9854,0.0
16,1,1.4228,2.0997,1.4228,2.0997,0.0
17,1,1.5083,2.2106,1.5083,2.2106,0.0
18,1,1.5933,2.3179,1.5933,2.3179,0.0
19,1,1.6776,2.4214,1.6776,2.4214,0.0
20,1,1.7612,2.5211,1.7612,2.5211,0.0
21,1,1.8441,2.6166,1.8441,2.6166,0.0
22,1,1.9262,2.708,1.9262,2.708,0.0
23,1,2.0076,2.7949,2.0076,2.7949,0.0
24,1,2.0882,2.8774,2.0882,2.8774,0.0
25,1,2.1679,2.9551,2.1679,2.9551,0.0
26,1,2.2467,3.0282,2.2467,3.0282,0.0
27,1,2.3247,3.0963,2.3247,3.0963,0.0
28,1,2.4017,3.1594,2.4017,3.1594,0.0
29,1,2.4777,3.2174,2.4777,3.2174,0.0
30,1,2.5527,3.2702,2.5133,3.2585,0.0
31,1,2.6267,3.3177,2.5843,3.2955,0.0
32,1,2.6996,3.3598,2.6441,3.3354,0.0
33,1,2.7715,3.3965,2.7072,3.3721,0.0
34,1,2.8422,3.4277,2.7847,3.4151,0.0
35,1,2.9118,3.4534,2.8328,3.4306,0.0
36,1,2.9801,3.4735,2.8959,3.4463,0.0
37,1,3.0473,3.488,2.9568,3.4557,0.0
38,1,3.1133,3.4968,3.0137,3.4723,0.0
39,1,3.178,3.5,3.0661,3.4652,0.0
40,1,3.2414,3.4975,3.1259,3.4596,0.0
41,1,3.3035,3.4894,3.1762,3.4527,0.0
42,1,3.3643,3.4756,3.2216,3.438,0.0
43,1,3.4237,3.4562,3.2668,3.414,0.0
44,1,3.4817,3.4312,3.3192,3.3864,0.0
45,1,3.5383,3.4007,3.3658,3.3567,0.0
46,1,3.5935,3.3647,3.4099,3.3124,0.0
47,1,3.6472,3.3232,3.4551,3.2747,0.0
48,1,3.6995,3.2764,3.4857,3.2273,0.0
49,1,3.7502,3.2242,3.5277,3.1737,0.0
50,1,3.7995,3.1669,3.7224,3.1724,0.0
51,1,3.8472,3.1044,3.7573,3.1046,0.0
52,1,3.8933,3.0369,3.8022,3.0359,0.0
53,1,3.9379,2.9645,3.8386,2.9716,0.0
54,1,3.9809,2.8873,3.8768,2.891,0.0
55,1,4.0223,2.8055,3.913,2.8085,0.0
56,1,4.062,2.7191,3.9566,2.732,0.0
57,1,4.1002,2.6283,3.9728,2.6346,0.0
58,1,4.1366,2.5333,4.0065,2.5413,0.0
59,1,4.1714,2.4341,4.0306,2.4434,0.0
60,1,4.2045,2.331,4.0532,2.3378,0.0
61,1,4.2359,2.2242,4.0856,2.2397,0.0
62,1,4.2656,2.1138,4.1148,2.1214,0.0
63,1,4.2935,1.9999,4.1395,2.0073,0.0
64,1,4.3197,1.8828,4.159,1.8823,0.0
65,1,4.3442,1.7627,4.1782,1.7648,0.0
66,1,4.3669,1.6397,4.1958,1.647,0.0
67,1,4.3879,1.5141,4.2074,1.522,0.0
68,1,4.4071,1.386,4.2281,1.3971,0.0
69,1,4.4245,1.2557,4.236,1.2652,0.0
70,1,4.4401,1.1233,4.2446,1.1309,0.0
71,1,4.4539,0.9891,4.2476,0.9954,0.0
72,1,4.4659,0.8534,4.251,0.8605,0.0
73,1,4.4761,0.7162,4.2564,0.719,0.0
74,1,4.4845,0.5779,4.2539,0.5816,0.0
75,1,4.4911,0.4387,4.2646,0.4361,0.0
76,1,4.4959,0.2987,4.2598,0.3009,0.0
77,1,4.4988,0.1583,4.2624,0.16,0.0
78,1,4.5,0.0176,4.2588,0.0176,0.0
79,1,4.4993,-0.1231,4.252,-0.1272,0.0
80,1,4.4968,-0.2636,4.2466,-0.2613,0.0
81,1,4.4925,-0.4037,4.2302,-0.4018,0.0
82,1,4.4863,-0.5432,4.2268,-0.5406,0.0
83,1,4.4784,-0.6817,4.2059,-0.6861,0.0
84,1,4.4686,-0.8192,4.1945,-0.8168,0.0
85,1,4.4571,-0.9553,4.1704,-0.9518,0.0
86,1,4.4437,-1.0899,4.1519,-1.0892,0.0
87,1,4.4285,-1.2227,4.133,-1.2184,0.0
88,1,4.4116,-1.3536,4.1125,-1.3499,0.0
89,1,4.3929,-1.4823,4.0831,-1.4783,0.0
90,1,4.3723,-1.6085,4.0637,-1.6077,0.0
91,1,4.3501,-1.7322,4.0319,-1.7269,0.0
92,1,4.326,-1.8531,4.0083,-1.8391,0.0
93,1,4.3002,-1.9709,3.9829,-1.9524,0.0
94,1,4.2727,-2.0856,3.9526,-2.0804,0.0
95,1,4.2435,-2.1969,3.9098,-2.1906,0.0
96,1,4.2125,-2.3047,3.8807,-2.294,0.0
97,1,4.1798,-2.4087,3.836,-2.4008,0.0
98,1,4.1455,-2.5088,3.8084,-2.5011,0.0
99,1,4.1094,-2.6049,3.7704,-2.5997,0.0
100,1,4.0717,-2.6968,3.9741,-2.6896,0.0
101,1,4.0324,-2.7843,3.9331,-2.7729,0.0
102,1,3.9914,-2.8673,3.8824,-2.8678,0.0
103,1,3.9488,-2.9457,3.8444,-2.9364,0.0
104,1,3.9046,-3.0193,3.804,-3.004,0.0
105,1,3.8589,-3.088,3.7554,-3.0836,0.0
106,1,3.8115,-3.1518,3.7132,-3.1373,0.0
107,1,3.7627,-3.2104,3.6557,-3.1983,0.0
108,1,3.7123,-3.2638,3.6113,-3.2596,0.0
109,1,3.6604,-3.312,3.554,-3.3051,0.0
110,1,3.6071,-3.3548,3.505,-3.3448,0.0
111,1,3.5522,-3.3922,3.4515,-3.3907,0.0
112,1,3.496,-3.4241,3.3943,-3.4194,0.0
113,1,3.4383,-3.4505,3.3419,-3.4435,0.0
114,1,3.3792,-3.4713,3.2861,-3.4669,0.0
115,1,3.3188,-3.4865,3.2194,-3.4899,0.0
116,1,3.257,-3.496,3.1631,-3.4869,0.0
117,1,3.194,-3.4999,3.1037,-3.5013,0.0
118,1,3.1296,-3.4981,3.041,-3.4993,0.0
119,1,3.0639,-3.4907,2.9775,-3.4839,0.0
120,1,2.9971,-3.4776,2.9119,-3.4757,0.0
121,1,2.929,-3.4589,2.842,-3.4576,0.0
122,1,2.8597,-3.4347,2.7791,-3.4334,0.0
123,1,2.7893,-3.4048,2.7053,-3.4004,0.0
124,1,2.7177,-3.3695,2.6251,-3.3732,0.0
125,1,2.645,-3.3287,2.5608,-3.3322,0.0
126,1,2.5713,-3.2825,2.4952,-3.2815,0.0
127,1,2.4965,-3.231,2.4073,-3.2301,0.0
128,1,2.4208,-3.1743,2.3417,-3.1729,0.0
129,1,2.344,-3.1125,2.2687,-3.1085,0.0
130,1,2.2663,-3.0456,2.1915,-3.0499,0.0
131,1,2.1877,-2.9739,2.1176,-2.9787,0.0
132,1,2.1082,-2.8973,2.0341,-2.9028,0.0
133,1,2.0278,-2.816,1.9518,-2.8152,0.0
134,1,1.9467,-2.7301,1.8685,-2.7323,0.0
135,1,1.8647,-2.6399,1.7948,-2.6428,0.0
136,1,1.782,-2.5454,1.7131,-2.552,0.0
137,1,1.6985,-2.4467,1.6345,-2.4476,0.0
138,1,1.6144,-2.3441,1.5516,-2.345,0.0
139,1,1.5296,-2.2378,1.4632,-2.2423,0.0
140,1,1.4442,-2.1278,1.3845,-2.1326,0.0
141,1,1.3583,-2.0143,1.3018,-2.0183,0.0
142,1,1.2717,-1.8976,1.2145,-1.8994,0.0
143,1,1.1847,-1.7779,1.1349,-1.7875,0.0
144,1,1.0972,-1.6552,1.0517,-1.6573,0.0
145,1,1.0092,-1.5299,0.9609,-1.539,0.0
146,1,0.9208,-1.4021,0.8737,-1.4075,0.0
147,1,0.8321,-1.2721,0.7886,-1.2717,0.0
148,1,0.743,-1.14,0.7041,-1.1459,0.0
149,1,0.6536,-1.006,0.621,-1.0165,0.0
150,1,0.564,-0.8704,0.5496,-0.8816,0.0
151,1,0.4741,-0.7334,0.4583,-0.7399,0.0
152,1,0.3841,-0.5953,0.3599,-0.6007,0.0
153,1,0.2938,-0.4561,0.2682,-0.4662,0.0
154,1,0.2035,-0.3162,0.1819,-0.3172,0.0
155,1,0.1131,-0.1759,0.0935,-0.1846,0.0
156,1,0.0226,-0.0352,0.0031,-0.0382,0.0
157,1,-0.0679,0.1055,-0.0815,0.1013,0.0
158,1,-0.1583,0.2461,-0.1803,0.2293,0.0
159,1,-0.2487,0.3863,-0.2671,0.3696,0.0
160,1,-0.339,0.5258,-0.3541,0.5083,0.0
161,1,-0.4291,0.6645,-0.45,0.6406,0.0
162,1,-0.5191,0.8021,-0.534,0.7818,0.0
163,1,-0.6089,0.9384,-0.6245,0.9177,0.0
164,1,-0.6984,1.0732,-0.7129,1.0501,0.0
165,1,-0.7876,1.2063,-0.8116,1.1842,0.0
166,1,-0.8765,1.3374,-0.9023,1.3152,0.0
167,1,-0.9651,1.4663,-0.9835,1.4375,0.0
168,1,-1.0533,1.5929,-1.0723,1.5619,0.0
169,1,-1.141,1.7169,-1.1569,1.6841,0.0
170,1,-1.2283,1.8381,-1.2391,1.8042,0.0
171,1,-1.3151,1.9564,-1.3266,1.9286,0.0
172,1,-1.4013,2.0715,-1.4156,2.0369,0.0
173,1,-1.487,2.1832,-1.5036,2.143,0.0
174,1,-1.5721,2.2914,-1.5923,2.2518,0.0
175,1,-1.6566,2.3959,-1.6745,2.3559,0.0
176,1,-1.7403,2.4965,-1.7553,2.4564,0.0
177,1,-1.8234,2.5931,-1.8348,2.5539,0.0
178,1,-1.9058,2.6855,-1.9198,2.6398,0.0
179,1,-1.9873,2.7736,-2.0037,2.7299,0.0
180,1,-2.0681,2.8572,-2.0905,2.8145,0.0
181,1,-2.148,2.9361,-2.1611,2.9026,0.0
182,1,-2.2271,3.0104,-2.2416,2.9724,0.0
183,1,-2.3053,3.0797,-2.3187,3.0416,0.0
184,1,-2.3825,3.1441,-2.4015,3.0996,0.0
185,1,-2.4588,3.2033,-2.4729,3.1616,0.0
186,1,-2.5341,3.2574,-2.5364,3.224,0.0
187,1,-2.6083,3.3063,-2.6174,3.2693,0.0
188,1,-2.6815,3.3498,-2.6845,3.3206,0.0
189,1,-2.7536,3.3878,-2.7617,3.3585,0.0
190,1,-2.8246,3.4204,-2.8294,3.3924,0.0
191,1,-2.8945,3.4475,-2.9014,3.4125,0.0
192,1,-2.9632,3.469,-2.9648,3.443,0.0
193,1,-3.0306,3.4849,-3.0375,3.458,0.0
194,1,-3.0969,3.4951,-3.1056,3.464,0.0
195,1,-3.1619,3.4997,-3.1632,3.4753,0.0
196,1,-3.2257,3.4987,-3.2329,3.4718,0.0
197,1,-3.2881,3.4919,-3.3,3.4619,0.0
198,1,-3.3492,3.4796,-3.3627,3.4546,0.0
199,1,-3.4089,3.4616,-3.4103,3.4375,0.0
200,1,-3.4673,3.438,-3.4719,3.4252,0.0
201,1,-3.5243,3.4089,-3.5284,3.3925,0.0
202,1,-3.5798,3.3742,-3.5839,3.3609,0.0
203,1,-3.6339,3.3341,-3.6383,3.3234,0.0
204,1,-3.6865,3.2886,-3.6887,3.2733,0.0
205,1,-3.7377,3.2378,-3.7454,3.2227,0.0
206,1,-3.7873,3.1817,-3.7927,3.1738,0.0
207,1,-3.8354,3.1205,-3.8369,3.1137,0.0
208,1,-3.8819,3.0543,-3.8903,3.0395,0.0
209,1,-3.9269,2.9831,-3.9259,2.9718,0.0
210,1,-3.9703,2.9071,-3.9659,2.8966,0.0
211,1,-4.0121,2.8264,-4.0016,2.8195,0.0
212,1,-4.0523,2.7411,-4.0553,2.7335,0.0
213,1,-4.0908,2.6514,-4.0895,2.6454,0.0
214,1,-4.1276,2.5574,-4.1327,2.5558,0.0
215,1,-4.1628,2.4593,-4.1635,2.4529,0.0
216,1,-4.1964,2.3572,-4.2024,2.3518,0.0
217,1,-4.2282,2.2513,-4.2297,2.2434,0.0
218,1,-4.2583,2.1417,-4.2663,2.132,0.0
219,1,-4.2867,2.0287,-4.2874,2.0248,0.0
220,1,-4.3133,1.9124,-4.3173,1.907,0.0
221,1,-4.3383,1.793,-4.3354,1.7902,0.0
222,1,-4.3614,1.6707,-4.3703,1.6666,0.0
223,1,-4.3828,1.5457,-4.3896,1.5475,0.0
224,1,-4.4024,1.4182,-4.409,1.4098,0.0
225,1,-4.4203,1.2884,-4.4267,1.2916,0.0
226,1,-4.4364,1.1566,-4.4449,1.154,0.0
227,1,-4.4506,1.0228,-4.4602,1.0249,0.0
228,1,-4.4631,0.8874,-4.4654,0.8904,0.0
229,1,-4.4737,0.7506,-4.4736,0.7439,0.0
230,1,-4.4826,0.6126,-4.4868,0.61,0.0
231,1,-4.4896,0.4736,-4.4941,0.4782,0.0
232,1,-4.4949,0.3338,-4.4991,0.339,0.0
233,1,-4.4983,0.1934,-4.499,0.202,0.0
234,1,-4.4999,0.0528,-4.5002,0.0625,0.0
235,1,-4.4996,-0.088,-4.5008,-0.075,0.0
236,1,-4.4976,-0.2285,-4.5009,-0.23,0.0
237,1,-4.4937,-0.3688,-4.5028,-0.3636,0.0
238,1,-4.4881,-0.5084,-4.4927,-0.5023,0.0
239,1,-4.4806,-0.6472,-4.4836,-0.6404,0.0
240,1,-4.4713,-0.7849,-4.4753,-0.7793,0.0
241,1,-4.4601,-0.9214,-4.4624,-0.9203,0.0
242,1,-4.4472,-1.0564,-4.4478,-1.053,0.0
243,1,-4.4325,-1.1897,-4.4356,-1.1878,0.0
244,1,-4.416,-1.3211,-4.4181,-1.3145,0.0
245,1,-4.3977,-1.4503,-4.3938,-1.446,0.0
246,1,-4.3776,-1.5772,-4.3789,-1.5722,0.0
247,1,-4.3558,-1.7015,-4.3495,-1.6942,0.0
248,1,-4.3322,-1.8231,-4.3266,-1.8171,0.0
249,1,-4.3068,-1.9418,-4.2991,-1.934,0.0
250,1,-4.2798,-2.0572,-4.2657,-2.0542,0.0
251,1,-4.2509,-2.1694,-4.2338,-2.1696,0.0
252,1,-4.2204,-2.2781,-4.2078,-2.2705,0.0
253,1,-4.1881,-2.3831,-4.1777,-2.3866,0.0
254,1,-4.1542,-2.4842,-4.1409,-2.4828,0.0
255,1,-4.1186,-2.5813,-4.1024,-2.5797,0.0
256,1,-4.0813,-2.6742,-4.0784,-2.6734,0.0
257,1,-4.0424,-2.7628,-4.0279,-2.7612,0.0
258,1,-4.0018,-2.847,-3.9945,-2.8441,0.0
259,1,-3.9596,-2.9265,-3.9463,-2.9231,0.0
260,1,-3.9158,-3.0013,-3.905,-2.9979,0.0
261,1,-3.8705,-3.0713,-3.8656,-3.067,0.0
262,1,-3.8235,-3.1363,-3.8235,-3.1332,0.0
263,1,-3.775,-3.1962,-3.7743,-3.1831,0.0
264,1,-3.725,-3.251,-3.7198,-3.2415,0.0
265,1,-3.6735,-3.3005,-3.6704,-3.2858,0.0
266,1,-3.6205,-3.3446,-3.6215,-3.332,0.0
267,1,-3.5661,-3.3834,-3.5629,-3.3772,0.0
268,1,-3.5102,-3.4167,-3.5101,-3.4083,0.0
269,1,-3.4528,-3.4444,-3.4487,-3.4276,0.0
270,1,-3.3941,-3.4666,-3.3874,-3.4555,0.0
271,1,-3.334,-3.4832,-3.3349,-3.4776,0.0
272,1,-3.2726,-3.4942,-3.2695,-3.4843,0.0
273,1,-3.2098,-3.4995,-3.2056,-3.4854,0.0
274,1,-3.1458,-3.4991,-3.1337,-3.4856,0.0
275,1,-3.0805,-3.4931,-3.0686,-3.4813,0.0
276,1,-3.0139,-3.4814,-3.0118,-3.4719,0.0
277,1,-2.9461,-3.4641,-2.9322,-3.4533,0.0
278,1,-2.8771,-3.4413,-2.8705,-3.4289,0.0
279,1,-2.807,-3.4128,-2.7989,-3.4055,0.0
280,1,-2.7357,-3.3788,-2.731,-3.3687,0.0
281,1,-2.6633,-3.3394,-2.651,-3.3308,0.0
282,1,-2.5898,-3.2946,-2.5884,-3.2891,0.0
283,1,-2.5153,-3.2444,-2.5122,-3.2317,0.0
284,1,-2.4398,-3.189,-2.4377,-3.181,0.0
285,1,-2.3633,-3.1284,-2.3664,-3.1262,0.0
286,1,-2.2858,-3.0628,-2.2809,-3.0605,0.0
287,1,-2.2074,-2.9923,-2.2017,-2.9839,0.0
288,1,-2.1281,-2.9168,-2.1215,-2.9132,0.0
289,1,-2.048,-2.8367,-2.0533,-2.8346,0.0
290,1,-1.967,-2.752,-1.9678,-2.7521,0.0
291,1,-1.8853,-2.6628,-1.8779,-2.6545,0.0
292,1,-1.8027,-2.5694,-1.8111,-2.573,0.0
293,1,-1.7195,-2.4718,-1.7253,-2.477,0.0
294,1,-1.6355,-2.3701,-1.641,-2.3687,0.0
295,1,-1.5509,-2.2647,-1.5632,-2.2606,0.0
296,1,-1.4657,-2.1556,-1.4776,-2.1555,0.0
297,1,-1.3798,-2.043,-1.3849,-2.0425,0.0
298,1,-1.2934,-1.9271,-1.2978,-1.9226,0.0
299,1,-1.2065,-1.8081,-1.2171,-1.8156,0.0
300,1,-1.1191,-1.6861,-1.1367,-1.6917,0.0
301,1,-1.0312,-1.5615,-1.0553,-1.5707,0.0
302,1,-0.943,-1.4343,-0.9582,-1.4434,0.0
303,1,-0.8543,-1.3048,-0.8834,-1.3169,0.0
304,1,-0.7653,-1.1732,-0.7926,-1.1806,0.0
305,1,-0.676,-1.0396,-0.6987,-1.048,0.0
306,1,-0.5864,-0.9045,-0.6109,-0.917,0.0
307,1,-0.4966,-0.7678,-0.5255,-0.7813,0.0
308,1,-0.4066,-0.6299,-0.4352,-0.6427,0.0
309,1,-0.3164,-0.491,-0.3435,-0.4954,0.0
310,1,-0.2261,-0.3513,-0.2495,-0.366,0.0
311,1,-0.1357,-0.211,-0.1659,-0.2297,0.0
312,1,-0.0452,-0.0704,-0.0707,-0.0814,0.0
313,1,0.0452,0.0704,0.0108,0.0529,0.0
314,1,0.1357,0.211,0.1103,0.1921,0.0
315,1,0.2261,0.3513,0.1983,0.3323,0.0
316,1,0.3164,0.491,0.2826,0.476,0.0
317,1,0.4066,0.6299,0.3817,0.6168,0.0
318,1,0.4966,0.7678,0.4622,0.7511,0.0
319,1,0.5864,0.9045,0.5538,0.8889,0.0
320,1,0.676,1.0396,0.6364,1.0242,0.0
321,1,0.7653,1.1732,0.727,1.1545,0.0
322,1,0.8543,1.3048,0.8237,1.2844,0.0
323,1,0.943,1.4343,0.9113,1.4142,0.0
324,1,1.0312,1.5615,0.9901,1.5346,0.0
325,1,1.1191,1.6861,1.0836,1.6603,0.0
326,1,1.2065,1.8081,1.1639,1.78,0.0
327,1,1.2934,1.9271,1.2443,1.8972,0.0
328,1,1.3798,2.043,1.3352,2.0162,0.0
329,1,1.4657,2.1556,1.4127,2.1279,0.0
330,1,1.5509,2.2647,1.4993,2.2255,0.0
331,1,1.6355,2.3701,1.5848,2.3319,0.0
332,1,1.7195,2.4718,1.6607,2.4373,0.0
333,1,1.8027,2.5694,1.754,2.5438,0.0
334,1,1.8853,2.6628,1.8436,2.6296,0.0
335,1,1.967,2.752,1.9154,2.7194,0.0
336,1,2.048,2.8367,1.9939,2.8073,0.0
337,1,2.1281,2.9168,2.0734,2.8914,0.0
338,1,2.2074,2.9923,2.1572,2.966,0.0
339,1,2.2858,3.0628,2.2257,3.0342,0.0
340,1,2.3633,3.1284,2.298,3.1057,0.0
341,1,2.4398,3.189,2.3755,3.168,0.0
342,1,2.5153,3.2444,2.4511,3.2229,0.0
343,1,2.5898,3.2946,2.5301,3.2676,0.0
344,1,2.6633,3.3394,2.6055,3.316,0.0
345,1,2.7357,3.3788,2.6757,3.3446,0.0
346,1,2.807,3.4128,2.7482,3.375,0.0
347,1,2.8771,3.4413,2.8126,3.4114,0.0
348,1,2.9461,3.4641,2.8762,3.4369,0.0
349,1,3.0139,3.4814,2.9511,3.441,0.0
350,1,3.0805,3.4931,3.023,3.4621,0.0
351,1,3.1458,3.4991,3.089,3.4732,0.0
352,1,3.2098,3.4995,3.151,3.4802,0.0
353,1,3.2726,3.4942,3.2154,3.4659,0.0
354,1,3.334,3.4832,3.2794,3.4593,0.0
355,1,3.3941,3.4666,3.3372,3.4475,0.0
356,1,3.4528,3.4444,3.3967,3.4218,0.0
357,1,3.5102,3.4167,3.45,3.3893,0.0
358,1,3.5661,3.3834,3.5056,3.3561,0.0
359,1,3.6205,3.3446,3.5536,3.3173,0.0
360,1,3.6735,3.3005,3.6046,3.2752,0.0
361,1,3.725,3.251,3.6682,3.2247,0.0
362,1,3.775,3.1962,3.7074,3.1669,0.0
363,1,3.8235,3.1363,3.7609,3.1034,0.0
364,1,3.8705,3.0713,3.8126,3.0395,0.0
365,1,3.9158,3.0013,3.8499,2.9698,0.0
366,1,3.9596,2.9265,3.8925,2.8889,0.0
367,1,4.0018,2.847,3.9373,2.8146,0.0
368,1,4.0424,2.7628,3.9751,2.7224,0.0
369,1,4.0813,2.6742,4.017,2.6375,0.0
370,1,4.1186,2.5813,4.0558,2.5405,0.0
371,1,4.1542,2.4842,4.0938,2.4357,0.0
372,1,4.1881,2.3831,4.1235,2.3404,0.0
373,1,4.2204,2.2781,4.1543,2.23,0.0
374,1,4.2509,2.1694,4.1883,2.1186,0.0
375,1,4.2798,2.0572,4.2184,2.0106,0.0
376,1,4.3068,1.9418,4.2328,1.8966,0.0
377,1,4.3322,1.8231,4.269,1.7789,0.0
378,1,4.3558,1.7015,4.2871,1.6535,0.0
379,1,4.3776,1.5772,4.3112,1.5237,0.0
380,1,4.3977,1.4503,4.3292,1.3986,0.0
381,1,4.416,1.3211,4.3516,1.2709,0.0
382,1,4.4325,1.1897,4.3623,1.1433,0.0
383,1,4.4472,1.0564,4.3824,1.0029,0.0
384,1,4.4601,0.9214,4.387,0.8751,0.0
385,1,4.4713,0.7849,4.4008,0.7341,0.0
386,1,4.4806,0.6472,4.4048,0.5944,0.0
387,1,4.4881,0.5084,4.4138,0.4566,0.0
388,1,4.4937,0.3688,4.4189,0.3169,0.0
389,1,4.4976,0.2285,4.4292,0.1791,0.0
390,1,4.4996,0.088,4.4243,0.0364,0.0
391,1,4.4999,-0.0528,4.422,-0.1003,0.0
392,1,4.4983,-0.1934,4.4249,-0.2455,0.0
393,1,4.4949,-0.3338,4.4163,-0.3886,0.0
394,1,4.4896,-0.4736,4.4094,-0.5204,0.0
395,1,4.4826,-0.6126,4.4132,-0.6648,0.0
396,1,4.4737,-0.7506,4.3945,-0.7982,0.0
397,1,4.4631,-0.8874,4.3841,-0.944,0.0
398,1,4.4506,-1.0228,4.378,-1.0748,0.0
399,1,4.4364,-1.1566,4.3677,-1.2138,0.0
400,1,4.4203,-1.2884,4.3432,-1.3391,0.0
401,1,4.4024,-1.4182,4.3234,-1.4602,0.0
402,1,4.3828,-1.5457,4.3023,-1.5894,0.0
403,1,4.3614,-1.6707,4.278,-1.7108,0.0
404,1,4.3383,-1.793,4.2622,-1.8415,0.0
405,1,4.3133,-1.9124,4.2408,-1.9541,0.0
406,1,4.2867,-2.0287,4.2044,-2.0653,0.0
407,1,4.2583,-2.1417,4.1797,-2.1852,0.0
408,1,4.2282,-2.2513,4.1561,-2.2886,0.0
409,1,4.1964,-2.3572,4.1201,-2.3965,0.0
410,1,4.1628,-2.4593,4.0765,-2.493,0.0
411,1,4.1276,-2.5574,4.0471,-2.5897,0.0
412,1,4.0908,-2.6514,4.0088,-2.6841,0.0
413,1,4.0523,-2.7411,3.9709,-2.7843,0.0
414,1,4.0121,-2.8264,3.9355,-2.8672,0.0
415,1,3.9703,-2.9071,3.8957,-2.944,0.0
416,1,3.9269,-2.9831,3.8548,-3.0276,0.0
417,1,3.8819,-3.0543,3.8087,-3.1053,0.0
418,1,3.8354,-3.1205,3.7624,-3.1707,0.0
419,1,3.7873,-3.1817,3.7154,-3.2265,0.0
420,1,3.7377,-3.2378,3.6648,-3.2787,0.0
421,1,3.6865,-3.2886,3.6127,-3.3315,0.0
422,1,3.6339,-3.3341,3.5597,-3.3817,0.0
423,1,3.5798,-3.3742,3.5022,-3.4151,0.0
424,1,3.5243,-3.4089,3.4452,-3.4459,0.0
425,1,3.4673,-3.438,3.3919,-3.4853,0.0
426,1,3.4089,-3.4616,3.3343,-3.4964,0.0
427,1,3.3492,-3.4796,3.2752,-3.5236,0.0
428,1,3.2881,-3.4919,3.2155,-3.5278,0.0
429,1,3.2257,-3.4987,3.1574,-3.5411,0.0
430,1,3.1619,-3.4997,3.0931,-3.533,0.0
431,1,3.0969,-3.4951,3.0286,-3.5369,0.0
432,1,3.0306,-3.4849,2.9664,-3.5253,0.0
433,1,2.9632,-3.469,2.8979,-3.5085,0.0
434,1,2.8945,-3.4475,2.8262,-3.4897,0.0
435,1,2.8246,-3.4204,2.7607,-3.4657,0.0
436,1,2.7536,-3.3878,2.6886,-3.4285,0.0
437,1,2.6815,-3.3498,2.6155,-3.3921,0.0
438,1,2.6083,-3.3063,2.549,-3.3461,0.0
439,1,2.5341,-3.2574,2.4715,-3.2949,0.0
440,1,2.4588,-3.2033,2.3958,-3.2461,0.0
441,1,2.3825,-3.1441,2.3175,-3.1801,0.0
442,1,2.3053,-3.0797,2.2426,-3.1139,0.0
443,0,2.2271,-3.0104,2.1691,-3.0415,0.0
444,1,2.148,-2.9361,2.0816,-2.9618,0.0
445,1,2.0681,-2.8572,1.9984,-2.8909,0.0
446,1,1.9873,-2.7736,1.932,-2.8095,0.0
447,1,1.9058,-2.6855,1.8435,-2.7132,0.0
448,1,1.8234,-2.5931,1.7618,-2.6226,0.0
449,1,1.7403,-2.4965,1.6835,-2.5275,0.0
450,1,1.6566,-2.3959,1.6018,-2.4265,0.0
451,1,1.5721,-2.2914,1.5211,-2.3213,0.0
452,1,1.487,-2.1832,1.4282,-2.2176,0.0
453,1,1.4013,-2.0715,1.3521,-2.1022,0.0
454,1,1.3151,-1.9564,1.2695,-1.9857,0.0
455,1,1.2283,-1.8381,1.1833,-1.8633,0.0
456,1,1.141,-1.7169,1.0951,-1.7379,0.0
457,1,1.0533,-1.5929,1.0058,-1.6198,0.0
458,1,0.9651,-1.4663,0.9164,-1.4926,0.0
459,1,0.8765,-1.3374,0.8319,-1.3686,0.0
460,1,0.7876,-1.2063,0.7408,-1.2397,0.0
461,1,0.6984,-1.0732,0.6473,-1.1087,0.0
462,1,0.6089,-0.9384,0.5568,-0.9683,0.0
463,1,0.5191,-0.8021,0.4713,-0.835,0.0
464,1,0.4291,-0.6645,0.3819,-0.6986,0.0
465,1,0.339,-0.5258,0.2984,-0.5546,0.0
466,1,0.2487,-0.3863,0.2042,-0.4159,0.0
467,1,0.1583,-0.2461,0.1175,-0.2807,0.0
468,1,0.0679,-0.1055,0.0197,-0.1461,0.0
469,1,-0.0226,0.0352,-0.0593,-0.0035,0.0
470,1,-0.1131,0.1759,-0.1525,0.1457,0.0
471,1,-0.2035,0.3162,-0.2472,0.287,0.0
472,1,-0.2938,0.4561,-0.3322,0.4232,0.0
473,1,-0.3841,0.5953,-0.428,0.5596,0.0
474,1,-0.4741,0.7334,-0.5203,0.6967,0.0
475,1,-0.564,0.8704,-0.6056,0.8379,0.0
476,1,-0.6536,1.006,-0.6951,0.9719,0.0
477,1,-0.743,1.14,-0.7866,1.1078,0.0
478,1,-0.8321,1.2721,-0.8692,1.2209,0.0
479,1,-0.9208,1.4021,-0.962,1.3585,0.0
480,1,-1.0092,1.5299,-1.0551,1.4975,0.0
481,1,-1.0972,1.6552,-1.1387,1.6122,0.0
482,1,-1.1847,1.7779,-1.227,1.738,0.0
483,1,-1.2717,1.8976,-1.3118,1.8664,0.0
484,1,-1.3583,2.0143,-1.3965,1.9719,0.0
485,1,-1.4442,2.1278,-1.486,2.0808,0.0
486,1,-1.5296,2.2378,-1.5692,2.1915,0.0
487,1,-1.6144,2.3441,-1.6505,2.3046,0.0
488,1,-1.6985,2.4467,-1.7369,2.4016,0.0
489,1,-1.782,2.5454,-1.8195,2.4992,0.0
490,1,-1.8647,2.6399,-1.9008,2.5933,0.0
491,1,-1.9467,2.7301,-1.9811,2.6844,0.0
492,1,-2.0278,2.816,-2.0635,2.7708,0.0
493,1,-2.1082,2.8973,-2.1455,2.8588,0.0
494,1,-2.1877,2.9739,-2.2174,2.9335,0.0
495,1,-2.2663,3.0456,-2.3005,3.002,0.0
496,1,-2.344,3.1125,-2.3784,3.0664,0.0
497,1,-2.4208,3.1743,-2.4546,3.1302,0.0
498,1,-2.4965,3.231,-2.53,3.1878,0.0
499,1,-2.5713,3.2825,-2.6046,3.2453,0.0
500,1,-2.645,3.3287,-2.676,3.2829,0.0
501,1,-2.7177,3.3695,-2.7544,3.3246,0.0
502,1,-2.7893,3.4048,-2.8256,3.3711,0.0
503,1,-2.8597,3.4347,-2.8851,3.3937,0.0
504,1,-2.929,3.4589,-2.9571,3.4183,0.0
505,1,-2.9971,3.4776,-3.0264,3.4338,0.0
506,1,-3.0639,3.4907,-3.095,3.4357,0.0
507,1,-3.1296,3.4981,-3.1561,3.4491,0.0
508,1,-3.194,3.4999,-3.2223,3.4548,0.0
509,1,-3.257,3.496,-3.2893,3.4517,0.0
510,1,-3.3188,3.4865,-3.3392,3.438,0.0
511,1,-3.3792,3.4713,-3.4053,3.4264,0.0
512,1,-3.4383,3.4505,-3.4643,3.3977,0.0
513,1,-3.496,3.4241,-3.5192,3.3825,0.0
514,1,-3.5522,3.3922,-3.5804,3.3423,0.0
515,1,-3.6071,3.3548,-3.633,3.313,0.0
516,1,-3.6604,3.312,-3.6842,3.2683,0.0
517,1,-3.7123,3.2638,-3.7399,3.2156,0.0
518,1,-3.7627,3.2104,-3.7919,3.1626,0.0
519,1,-3.8115,3.1518,-3.8477,3.1066,0.0
520,1,-3.8589,3.088,-3.8899,3.0468,0.0
521,1,-3.9046,3.0193,-3.93,2.9767,0.0
522,1,-3.9488,2.9457,-3.9732,2.9079,0.0
523,1,-3.9914,2.8673,-4.0153,2.8317,0.0
524,1,-4.0324,2.7843,-4.0608,2.7509,0.0
525,1,-4.0717,2.6968,-4.0964,2.6574,0.0
526,1,-4.1094,2.6049,-4.1281,2.5577,0.0
527,1,-4.1455,2.5088,-4.1679,2.4683,0.0
528,1,-4.1798,2.4087,-4.2004,2.3659,0.0
529,1,-4.2125,2.3047,-4.2332,2.2661,0.0
530,1,-4.2435,2.1969,-4.2669,2.1566,0.0
531,1,-4.2727,2.0856,-4.2859,2.0425,0.0
532,1,-4.3002,1.9709,-4.3181,1.9408,0.0
533,1,-4.326,1.8531,-4.3487,1.8151,0.0
534,1,-4.3501,1.7322,-4.3674,1.701,0.0
535,1,-4.3723,1.6085,-4.3821,1.5731,0.0
536,1,-4.3929,1.4823,-4.4162,1.4498,0.0
537,1,-4.4116,1.3536,-4.4326,1.3207,0.0
538,1,-4.4285,1.2227,-4.4503,1.188,0.0
539,1,-4.4437,1.0899,-4.4642,1.0493,0.0
540,1,-4.4571,0.9553,-4.4759,0.9181,0.0
541,1,-4.4686,0.8192,-4.4821,0.7755,0.0
542,1,-4.4784,0.6817,-4.5056,0.6416,0.0
543,1,-4.4863,0.5432,-4.5098,0.5048,0.0
544,1,-4.4925,0.4037,-4.5144,0.3649,0.0
545,1,-4.4968,0.2636,-4.5239,0.2242,0.0
546,1,-4.4993,0.1231,-4.5233,0.0856,0.0
547,1,-4.5,-0.0176,-4.5179,-0.0562,0.0
548,1,-4.4988,-0.1583,-4.521,-0.1991,0.0
549,1,-4.4959,-0.2987,-4.5194,-0.3352,0.0
550,1,-4.4911,-0.4387,-4.5141,-0.4701,0.0
551,1,-4.4845,-0.5779,-4.5051,-0.615,0.0
552,0,-4.4761,-0.7162,-4.4915,-0.7525,0.0
553,1,-4.4659,-0.8534,-4.485,-0.889,0.0
554,1,-4.4539,-0.9891,-4.4733,-1.0298,0.0
555,1,-4.4401,-1.1233,-4.457,-1.1628,0.0
556,1,-4.4245,-1.2557,-4.4426,-1.2894,0.0
557,1,-4.4071,-1.386,-4.4214,-1.4252,0.0
558,1,-4.3879,-1.5141,-4.4092,-1.549,0.0
559,1,-4.3669,-1.6397,-4.3883,-1.6719,0.0
560,1,-4.3442,-1.7627,-4.3651,-1.7916,0.0
561,1,-4.3197,-1.8828,-4.3418,-1.9182,0.0
562,1,-4.2935,-1.9999,-4.3136,-2.0309,0.0
563,1,-4.2656,-2.1138,-4.279,-2.1534,0.0
564,1,-4.2359,-2.2242,-4.2481,-2.2572,0.0
565,1,-4.2045,-2.331,-4.225,-2.3665,0.0
566,1,-4.1714,-2.4341,-4.1898,-2.4683,0.0
567,1,-4.1366,-2.5333,-4.1599,-2.5703,0.0
568,1,-4.1002,-2.6283,-4.1246,-2.6703,0.0
569,1,-4.062,-2.7191,-4.0905,-2.7531,0.0
570,1,-4.0223,-2.8055,-4.0424,-2.8324,0.0
571,1,-3.9809,-2.8873,-4.0012,-2.9064,0.0
572,1,-3.9379,-2.9645,-3.9589,-2.99,0.0
573,1,-3.8933,-3.0369,-3.9106,-3.0642,0.0
574,1,-3.8472,-3.1044,-3.8671,-3.1368,0.0
575,1,-3.7995,-3.1669,-3.8288,-3.1998,0.0
576,1,-3.7502,-3.2242,-3.7634,-3.2585,0.0
577,1,-3.6995,-3.2764,-3.7146,-3.3088,0.0
578,1,-3.6472,-3.3232,-3.6617,-3.3552,0.0
579,1,-3.5935,-3.3647,-3.6034,-3.3987,0.0
580,1,-3.5383,-3.4007,-3.5515,-3.431,0.0
581,1,-3.4817,-3.4312,-3.5103,-3.4532,0.0
582,1,-3.4237,-3.4562,-3.4494,-3.4874,0.0
583,1,-3.3643,-3.4756,-3.388,-3.5013,0.0
584,1,-3.3035,-3.4894,-3.3173,-3.5123,0.0
585,1,-3.2414,-3.4975,-3.2646,-3.523,0.0
586,1,-3.178,-3.5,-3.1945,-3.5299,0.0
587,1,-3.1133,-3.4968,-3.1243,-3.5216,0.0
588,1,-3.0473,-3.488,-3.0668,-3.5211,0.0
589,1,-2.9801,-3.4735,-2.99,-3.4942,0.0
590,1,-2.9118,-3.4534,-2.9257,-3.4792,0.0
591,1,-2.8422,-3.4277,-2.8476,-3.4552,0.0
592,1,-2.7715,-3.3965,-2.7865,-3.4208,0.0
593,1,-2.6996,-3.3598,-2.7137,-3.3893,0.0
594,1,-2.6267,-3.3177,-2.6384,-3.3405,0.0
595,1,-2.5527,-3.2702,-2.571,-3.2924,0.0
596,1,-2.4777,-3.2174,-2.4955,-3.2367,0.0
597,1,-2.4017,-3.1594,-2.4195,-3.1788,0.0
598,1,-2.3247,-3.0963,-2.3433,-3.1218,0.0
599,1,-2.2467,-3.0282,-2.2653,-3.048,0.0
600,1,-2.1679,-2.9551,-2.1852,-2.9782,0.0
601,1,-2.0882,-2.8774,-2.108,-2.902,0.0
602,1,-2.0076,-2.7949,-2.035,-2.8111,0.0
603,1,-1.9262,-2.708,-1.951,-2.7281,0.0
604,1,-1.8441,-2.6166,-1.8746,-2.6504,0.0
605,1,-1.7612,-2.5211,-1.7917,-2.549,0.0
606,1,-1.6776,-2.4214,-1.7066,-2.4484,0.0
607,1,-1.5933,-2.3179,-1.6344,-2.3346,0.0
608,1,-1.5083,-2.2106,-1.5486,-2.2346,0.0
609,1,-1.4228,-2.0997,-1.4609,-2.1211,0.0
610,1,-1.3367,-1.9854,-1.3817,-2.0021,0.0
611,1,-1.25,-1.868,-1.2924,-1.8851,0.0
612,1,-1.1629,-1.7475,-1.2051,-1.7634,0.0
613,1,-1.0752,-1.6241,-1.117,-1.6402,0.0
614,1,-0.9872,-1.4982,-1.0341,-1.5221,0.0
615,1,-0.8987,-1.3698,-0.9428,-1.3943,0.0
616,1,-0.8099,-1.2392,-0.856,-1.2564,0.0
617,1,-0.7207,-1.1066,-0.7675,-1.1303,0.0
618,1,-0.6313,-0.9722,-0.6795,-0.9935,0.0
619,1,-0.5416,-0.8363,-0.5886,-0.859,0.0
620,1,-0.4516,-0.699,-0.4984,-0.7229,0.0
621,1,-0.3615,-0.5605,-0.4093,-0.5818,0.0
622,1,-0.2713,-0.4212,-0.3159,-0.4489,0.0
623,1,-0.1809,-0.2812,-0.2229,-0.3008,0.0
624,1,-0.0905,-0.1407,-0.1401,-0.167,0.0
625,1,-0.0,-0.0,-0.0446,-0.0297,0.0
626,1,0.0905,0.1407,0.049,0.1113,0.0
627,1,0.1809,0.2812,0.1335,0.2564,0.0
628,1,0.2713,0.4212,0.2249,0.3891,0.0
629,1,0.3615,0.5605,0.3156,0.5265,0.0
630,1,0.4516,0.699,0.4022,0.6677,0.0
631,1,0.5416,0.8363,0.4958,0.8103,0.0
632,1,0.6313,0.9722,0.591,0.9473,0.0
633,1,0.7207,1.1066,0.6758,1.0839,0.0
634,1,0.8099,1.2392,0.7647,1.2118,0.0
635,1,0.8987,1.3698,0.8504,1.3436,0.0
636,1,0.9872,1.4982,0.9385,1.4751,0.0
637,1,1.0752,1.6241,1.0171,1.5953,0.0
638,1,1.1629,1.7475,1.1096,1.7129,0.0
639,1,1.25,1.868,1.197,1.841,0.0
640,1,1.3367,1.9854,1.2831,1.9589,0.0
641,1,1.4228,2.0997,1.3656,2.0673,0.0
642,1,1.5083,2.2106,1.4545,2.1788,0.0
643,1,1.5933,2.3179,1.533,2.2861,0.0
644,1,1.6776,2.4214,1.6199,2.3907,0.0
645,1,1.7612,2.5211,1.6961,2.4891,0.0
646,1,1.8441,2.6166,1.7802,2.5897,0.0
647,1,1.9262,2.708,1.8595,2.6849,0.0
648,1,2.0076,2.7949,1.9369,2.7628,0.0
649,1,2.0882,2.8774,2.0186,2.8518,0.0
650,1,2.1679,2.9551,2.1028,2.9283,0.0
651,1,2.2467,3.0282,2.1793,2.9983,0.0
652,1,2.3247,3.0963,2.2598,3.0674,0.0
653,1,2.4017,3.1594,2.3335,3.1247,0.0
654,1,2.4777,3.2174,2.4139,3.1917,0.0
655,1,2.5527,3.2702,2.4941,3.2373,0.0
656,1,2.6267,3.3177,2.5664,3.289,0.0
657,1,2.6996,3.3598,2.6316,3.3234,0.0
658,1,2.7715,3.3965,2.7073,3.3671,0.0
659,1,2.8422,3.4277,2.7742,3.3921,0.0
660,1,2.9118,3.4534,2.8383,3.417,0.0
661,1,2.9801,3.4735,2.9176,3.4367,0.0
662,1,3.0473,3.488,2.9752,3.4518,0.0
663,1,3.1133,3.4968,3.0467,3.463,0.0
664,1,3.178,3.5,3.1108,3.4682,0.0
665,1,3.2414,3.4975,3.1701,3.4584,0.0
666,1,3.3035,3.4894,3.2312,3.4547,0.0
667,1,3.3643,3.4756,3.2957,3.4453,0.0
668,1,3.4237,3.4562,3.35,3.4237,0.0
669,1,3.4817,3.4312,3.4049,3.4004,0.0
670,1,3.5383,3.4007,3.4718,3.3641,0.0
671,1,3.5935,3.3647,3.5146,3.3317,0.0
672,1,3.6472,3.3232,3.5706,3.2839,0.0
673,1,3.6995,3.2764,3.6322,3.2422,0.0
674,1,3.7502,3.2242,3.6788,3.1846,0.0
675,1,3.7995,3.1669,3.7311,3.1323,0.0
676,1,3.8472,3.1044,3.775,3.0559,0.0
677,1,3.8933,3.0369,3.8212,3.001,0.0
678,1,3.9379,2.9645,3.8641,2.9248,0.0
679,1,3.9809,2.8873,3.9102,2.8436,0.0
680,1,4.0223,2.8055,3.9426,2.7699,0.0
681,1,4.062,2.7191,3.9833,2.6818,0.0
682,1,4.1002,2.6283,4.0222,2.5849,0.0
683,1,4.1366,2.5333,4.0653,2.4915,0.0
684,1,4.1714,2.4341,4.1072,2.3976,0.0
685,1,4.2045,2.331,4.1256,2.2869,0.0
686,1,4.2359,2.2242,4.1655,2.1858,0.0
687,1,4.2656,2.1138,4.1923,2.0776,0.0
688,1,4.2935,1.9999,4.2189,1.9617,0.0
689,1,4.3197,1.8828,4.2457,1.8527,0.0
690,1,4.3442,1.7627,4.2636,1.7311,0.0
691,1,4.3669,1.6397,4.2808,1.6111,0.0
692,1,4.3879,1.5141,4.3118,1.4816,0.0
693,1,4.4071,1.386,4.3263,1.3615,0.0
694,1,4.4245,1.2557,4.3453,1.2177,0.0
695,1,4.4401,1.1233,4.364,1.0914,0.0
696,1,4.4539,0.9891,4.3758,0.9541,0.0
697,1,4.4659,0.8534,4.3913,0.8173,0.0
698,1,4.4761,0.7162,4.3988,0.6828,0.0
699,1,4.4845,0.5779,4.4052,0.5401,0.0
700,1,4.4911,0.4387,4.4121,0.4017,0.0
701,1,4.4959,0.2987,4.4175,0.259,0.0
702,1,4.4988,0.1583,4.4102,0.1253,0.0
703,1,4.5,0.0176,4.4123,-0.0166,0.0
704,1,4.4993,-0.1231,4.4123,-0.1507,0.0
705,1,4.4968,-0.2636,4.4058,-0.2963,0.0
706,1,4.4925,-0.4037,4.4067,-0.4264,0.0
707,1,4.4863,-0.5432,4.3882,-0.5626,0.0
708,1,4.4784,-0.6817,4.3858,-0.7071,0.0
709,1,4.4686,-0.8192,4.3794,-0.8435,0.0
710,1,4.4571,-0.9553,4.3659,-0.9747,0.0
711,1,4.4437,-1.0899,4.3465,-1.1146,0.0
712,1,4.4285,-1.2227,4.3352,-1.2386,0.0
713,1,4.4116,-1.3536,4.3184,-1.3681,0.0
714,1,4.3929,-1.4823,4.3,-1.5048,0.0
715,1,4.3723,-1.6085,4.2776,-1.6154,0.0
716,1,4.3501,-1.7322,4.2568,-1.7464,0.0
717,1,4.326,-1.8531,4.224,-1.8724,0.0
718,1,4.3002,-1.9709,4.2019,-1.9993,0.0
719,1,4.2727,-2.0856,4.1701,-2.1046,0.0
720,1,4.2435,-2.1969,4.1475,-2.2123,0.0
721,1,4.2125,-2.3047,4.1155,-2.3225,0.0
722,1,4.1798,-2.4087,4.0778,-2.4251,0.0
723,0,4.1455,-2.5088,4.0431,-2.5318,0.0
724,1,4.1094,-2.6049,4.0093,-2.6206,0.0
725,1,4.0717,-2.6968,3.9764,-2.7201,0.0
726,1,4.0324,-2.7843,3.9373,-2.8053,0.0
727,1,3.9914,-2.8673,3.8901,-2.8796,0.0
728,1,3.9488,-2.9457,3.8502,-2.9618,0.0
729,1,3.9046,-3.0193,3.8043,-3.0354,0.0
730,1,3.8589,-3.088,3.7562,-3.1086,0.0
731,1,3.8115,-3.1518,3.7159,-3.1683,0.0
732,1,3.7627,-3.2104,3.6601,-3.2242,0.0
733,1,3.7123,-3.2638,3.6107,-3.2885,0.0
734,1,3.6604,-3.312,3.5588,-3.327,0.0
735,1,3.6071,-3.3548,3.5108,-3.3666,0.0
736,1,3.5522,-3.3922,3.4621,-3.4018,0.0
737,0,3.496,-3.4241,3.3987,-3.4293,0.0
738,0,3.4383,-3.4505,3.3363,-3.4656,0.0
739,0,3.3792,-3.4713,3.2882,-3.4772,0.0
740,0,3.3188,-3.4865,3.2254,-3.5015,0.0
741,0,3.257,-3.496,3.1678,-3.5143,0.0
742,0,3.194,-3.4999,3.1079,-3.5164,0.0
743,0,3.1296,-3.4981,3.0412,-3.514,0.0
744,0,3.0639,-3.4907,2.9734,-3.4996,0.0
745,0,2.9971,-3.4776,2.908,-3.4912,0.0
746,1,2.929,-3.4589,2.8404,-3.4688,0.0
747,1,2.8597,-3.4347,2.7742,-3.4424,0.0
748,1,2.7893,-3.4048,2.7001,-3.4164,0.0
749,1,2.7177,-3.3695,2.6326,-3.3761,0.0
750,1,2.645,-3.3287,2.5665,-3.3394,0.0
751,1,2.5713,-3.2825,2.4809,-3.2834,0.0
752,1,2.4965,-3.231,2.421,-3.2378,0.0
753,1,2.4208,-3.1743,2.3407,-3.1812,0.0
754,1,2.344,-3.1125,2.2613,-3.1226,0.0
755,1,2.2663,-3.0456,2.1836,-3.0487,0.0
756,1,2.1877,-2.9739,2.1066,-2.9795,0.0
757,1,2.1082,-2.8973,2.0249,-2.8956,0.0
758,1,2.0278,-2.816,1.9476,-2.8146,0.0
759,1,1.9467,-2.7301,1.8609,-2.7304,0.0
760,1,1.8647,-2.6399,1.7818,-2.6426,0.0
761,1,1.782,-2.5454,1.7057,-2.5464,0.0
762,1,1.6985,-2.4467,1.6262,-2.4512,0.0
763,1,1.6144,-2.3441,1.5366,-2.349,0.0
764,1,1.5296,-2.2378,1.4518,-2.2409,0.0
765,0,1.4442,-2.1278,1.3807,-2.1312,0.0
766,1,1.3583,-2.0143,1.288,-2.0163,0.0
767,1,1.2717,-1.8976,1.208,-1.9032,0.0
768,1,1.1847,-1.7779,1.1206,-1.7862,0.0
769,1,1.0972,-1.6552,1.0262,-1.6593,0.0
770,1,1.0092,-1.5299,0.9427,-1.5425,0.0
771,1,0.9208,-1.4021,0.8501,-1.4146,0.0
772,0,0.8321,-1.2721,0.7715,-1.2838,0.0
773,1,0.743,-1.14,0.6869,-1.1558,0.0
774,1,0.6536,-1.006,0.6024,-1.0181,0.0
775,1,0.564,-0.8704,0.5082,-0.8816,0.0
776,1,0.4741,-0.7334,0.419,-0.7483,0.0
777,0,0.3841,-0.5953,0.3266,-0.6079,0.0
778,0,0.2938,-0.4561,0.2406,-0.4701,0.0
779,0,0.2035,-0.3162,0.1456,-0.3373,0.0
780,0,0.1131,-0.1759,0.0632,-0.1919,0.0
781,0,0.0226,-0.0352,-0.028,-0.051,0.0
782,0,-0.0679,0.1055,-0.1164,0.0858,0.0
783,1,-0.1583,0.2461,-0.2099,0.2236,0.0
784,1,-0.2487,0.3863,-0.2914,0.3748,0.0
785,1,-0.339,0.5258,-0.3834,0.5134,0.0
786,1,-0.4291,0.6645,-0.4694,0.6504,0.0
787,1,-0.5191,0.8021,-0.5572,0.7849,0.0
788,1,-0.6089,0.9384,-0.648,0.9211,0.0
789,1,-0.6984,1.0732,-0.7345,1.0549,0.0
790,1,-0.7876,1.2063,-0.8149,1.192,0.0
791,1,-0.8765,1.3374,-0.909,1.3195,0.0
792,1,-0.9651,1.4663,-0.9909,1.4496,0.0
793,1,-1.0533,1.5929,-1.0783,1.5671,0.0
794,1,-1.141,1.7169,-1.1627,1.6981,0.0
795,1,-1.2283,1.8381,-1.2553,1.8176,0.0
796,1,-1.3151,1.9564,-1.3416,1.9285,0.0
797,1,-1.4013,2.0715,-1.4291,2.0406,0.0
798,1,-1.487,2.1832,-1.5083,2.1556,0.0
799,1,-1.5721,2.2914,-1.5913,2.2576,0.0
800,1,-1.6566,2.3959,-1.679,2.3697,0.0
801,1,-1.7403,2.4965,-1.7587,2.466,0.0
802,1,-1.8234,2.5931,-1.8407,2.5598,0.0
803,1,-1.9058,2.6855,-1.9173,2.6512,0.0
804,1,-1.9873,2.7736,-1.9953,2.7425,0.0
805,1,-2.0681,2.8572,-2.0872,2.8175,0.0
806,1,-2.148,2.9361,-2.1623,2.9007,0.0
807,1,-2.2271,3.0104,-2.2372,2.9771,0.0
808,0,-2.3053,3.0797,-2.3166,3.0445,0.0
809,0,-2.3825,3.1441,-2.3868,3.103,0.0
810,0,-2.4588,3.2033,-2.4618,3.1654,0.0
811,0,-2.5341,3.2574,-2.5398,3.2146,0.0
812,0,-2.6083,3.3063,-2.604,3.2668,0.0
813,0,-2.6815,3.3498,-2.6835,3.3141,0.0
814,0,-2.7536,3.3878,-2.7574,3.3528,0.0
815,0,-2.8246,3.4204,-2.8225,3.3894,0.0
816,0,-2.8945,3.4475,-2.9035,3.4129,0.0
817,0,-2.9632,3.469,-2.9591,3.43,0.0
818,1,-3.0306,3.4849,-3.0368,3.4438,0.0
819,1,-3.0969,3.4951,-3.0968,3.452,0.0
820,1,-3.1619,3.4997,-3.1563,3.4631,0.0
821,1,-3.2257,3.4987,-3.2231,3.4635,0.0
822,1,-3.2881,3.4919,-3.2822,3.4517,0.0
823,1,-3.3492,3.4796,-3.3444,3.4417,0.0
824,1,-3.4089,3.4616,-3.4025,3.4218,0.0
825,1,-3.4673,3.438,-3.4536,3.4038,0.0
826,1,-3.5243,3.4089,-3.5062,3.3741,0.0
827,1,-3.5798,3.3742,-3.5664,3.3393,0.0
828,1,-3.6339,3.3341,-3.6146,3.2995,0.0
829,1,-3.6865,3.2886,-3.6669,3.2526,0.0
830,1,-3.7377,3.2378,-3.7369,3.2162,0.0
831,1,-3.7873,3.1817,-3.7833,3.158,0.0
832,0,-3.8354,3.1205,-3.8342,3.0966,0.0
833,1,-3.8819,3.0543,-3.8836,3.0295,0.0
834,1,-3.9269,2.9831,-3.933,2.9554,0.0
835,0,-3.9703,2.9071,-3.9657,2.888,0.0
836,0,-4.0121,2.8264,-4.0148,2.8061,0.0
837,0,-4.0523,2.7411,-4.0544,2.7203,0.0
838,0,-4.0908,2.6514,-4.0943,2.6187,0.0
839,0,-4.1276,2.5574,-4.1329,2.5345,0.0
840,0,-4.1628,2.4593,-4.1647,2.4283,0.0
841,0,-4.1964,2.3572,-4.1977,2.3265,0.0
842,0,-4.2282,2.2513,-4.2303,2.2169,0.0
843,0,-4.2583,2.1417,-4.2615,2.1101,0.0
844,1,-4.2867,2.0287,-4.2917,1.9983,0.0
845,1,-4.3133,1.9124,-4.3081,1.8801,0.0
846,1,-4.3383,1.793,-4.3392,1.7633,0.0
847,1,-4.3614,1.6707,-4.3691,1.6371,0.0
848,1,-4.3828,1.5457,-4.3851,1.5181,0.0
849,1,-4.4024,1.4182,-4.4151,1.3881,0.0
850,1,-4.4203,1.2884,-4.4272,1.2648,0.0
851,1,-4.4364,1.1566,-4.4409,1.133,0.0
852,1,-4.4506,1.0228,-4.4659,0.9881,0.0
853,1,-4.4631,0.8874,-4.4734,0.8591,0.0
854,1,-4.4737,0.7506,-4.4787,0.7276,0.0
855,1,-4.4826,0.6126,-4.4854,0.5816,0.0
856,1,-4.4896,0.4736,-4.4891,0.4485,0.0
857,1,-4.4949,0.3338,-4.4972,0.3139,0.0
858,1,-4.4983,0.1934,-4.5005,0.171,0.0
859,1,-4.4999,0.0528,-4.4991,0.0354,0.0
860,1,-4.4996,-0.088,-4.4954,-0.1135,0.0
861,1,-4.4976,-0.2285,-4.4926,-0.2496,0.0
862,1,-4.4937,-0.3688,-4.4938,-0.3898,0.0
863,1,-4.4881,-0.5084,-4.475,-0.5352,0.0
864,0,-4.4806,-0.6472,-4.4724,-0.6689,0.0
865,0,-4.4713,-0.7849,-4.4682,-0.8157,0.0
866,0,-4.4601,-0.9214,-4.4469,-0.9515,0.0
867,1,-4.4472,-1.0564,-4.4407,-1.078,0.0
868,1,-4.4325,-1.1897,-4.4228,-1.2072,0.0
869,1,-4.416,-1.3211,-4.4021,-1.3414,0.0
870,1,-4.3977,-1.4503,-4.3846,-1.4641,0.0
871,1,-4.3776,-1.5772,-4.3643,-1.5925,0.0
872,1,-4.3558,-1.7015,-4.3499,-1.7203,0.0
873,1,-4.3322,-1.8231,-4.3174,-1.8392,0.0
874,1,-4.3068,-1.9418,-4.2958,-1.953,0.0
875,1,-4.2798,-2.0572,-4.2669,-2.0725,0.0
876,1,-4.2509,-2.1694,-4.2398,-2.1755,0.0
877,1,-4.2204,-2.2781,-4.2074,-2.2926,0.0
878,1,-4.1881,-2.3831,-4.1763,-2.3915,0.0
879,1,-4.1542,-2.4842,-4.1426,-2.4891,0.0
880,1,-4.1186,-2.5813,-4.1108,-2.5933,0.0
881,1,-4.0813,-2.6742,-4.0726,-2.6826,0.0
882,1,-4.0424,-2.7628,-4.0321,-2.7675,0.0
883,1,-4.0018,-2.847,-3.9939,-2.8546,0.0
884,1,-3.9596,-2.9265,-3.9491,-2.9332,0.0
885,1,-3.9158,-3.0013,-3.9082,-3.0026,0.0
886,1,-3.8705,-3.0713,-3.8576,-3.0721,0.0
887,1,-3.8235,-3.1363,-3.8214,-3.1424,0.0
888,1,-3.775,-3.1962,-3.7659,-3.203,0.0
889,1,-3.725,-3.251,-3.7181,-3.2588,0.0
890,1,-3.6735,-3.3005,-3.6719,-3.305,0.0
891,1,-3.6205,-3.3446,-3.6103,-3.3511,0.0
892,1,-3.5661,-3.3834,-3.5544,-3.3816,0.0
893,1,-3.5102,-3.4167,-3.5026,-3.4219,0.0
894,1,-3.4528,-3.4444,-3.441,-3.4481,0.0
895,0,-3.3941,-3.4666,-3.3823,-3.4623,0.0
896,0,-3.334,-3.4832,-3.3255,-3.474,0.0
897,0,-3.2726,-3.4942,-3.2623,-3.4823,0.0
898,0,-3.2098,-3.4995,-3.1975,-3.4833,0.0
899,0,-3.1458,-3.4991,-3.1404,-3.487,0.0
900,0,-3.0805,-3.4931,-3.0721,-3.4772,0.0
901,0,-3.0139,-3.4814,-3.0068,-3.4641,0.0
902,0,-2.9461,-3.4641,-2.9316,-3.4561,0.0
903,0,-2.8771,-3.4413,-2.8722,-3.4272,0.0
904,0,-2.807,-3.4128,-2.7939,-3.4054,0.0
905,0,-2.7357,-3.3788,-2.7265,-3.3677,0.0
906,0,-2.6633,-3.3394,-2.6523,-3.3322,0.0
907,1,-2.5898,-3.2946,-2.574,-3.2799,0.0
908,1,-2.5153,-3.2444,-2.5057,-3.2382,0.0
909,1,-2.4398,-3.189,-2.4297,-3.1811,0.0
910,1,-2.3633,-3.1284,-2.357,-3.1149,0.0
911,1,-2.2858,-3.0628,-2.2759,-3.052,0.0
912,1,-2.2074,-2.9923,-2.1956,-2.9797,0.0
913,1,-2.1281,-2.9168,-2.1182,-2.9029,0.0
914,1,-2.048,-2.8367,-2.0442,-2.8202,0.0
915,1,-1.967,-2.752,-1.9622,-2.7343,0.0
916,1,-1.8853,-2.6628,-1.8811,-2.6533,0.0
917,1,-1.8027,-2.5694,-1.7999,-2.5541,0.0
918,1,-1.7195,-2.4718,-1.7227,-2.4545,0.0
919,1,-1.6355,-2.3701,-1.6398,-2.3588,0.0
920,1,-1.5509,-2.2647,-1.5545,-2.2549,0.0
921,1,-1.4657,-2.1556,-1.4761,-2.1418,0.0
922,1,-1.3798,-2.043,-1.3799,-2.0306,0.0
923,1,-1.2934,-1.9271,-1.2964,-1.9197,0.0
924,1,-1.2065,-1.8081,-1.2199,-1.8016,0.0
925,1,-1.1191,-1.6861,-1.1324,-1.6803,0.0
926,1,-1.0312,-1.5615,-1.042,-1.5521,0.0
927,1,-0.943,-1.4343,-0.9527,-1.4259,0.0
928,1,-0.8543,-1.3048,-0.8702,-1.3014,0.0
929,1,-0.7653,-1.1732,-0.7759,-1.1663,0.0
930,1,-0.676,-1.0396,-0.6853,-1.0302,0.0
931,1,-0.5864,-0.9045,-0.5991,-0.8937,0.0
932,1,-0.4966,-0.7678,-0.5129,-0.7564,0.0
933,1,-0.4066,-0.6299,-0.4168,-0.6247,0.0
934,1,-0.3164,-0.491,-0.3306,-0.4833,0.0
935,1,-0.2261,-0.3513,-0.2471,-0.3406,0.0
936,1,-0.1357,-0.211,-0.1527,-0.2013,0.0
937,0,-0.0452,-0.0704,-0.0601,-0.0647,0.0
938,1,0.0452,0.0704,0.0296,0.0773,0.0
939,0,0.1357,0.211,0.12,0.2105,0.0
940,0,0.2261,0.3513,0.2097,0.3599,0.0
941,0,0.3164,0.491,0.3014,0.5004,0.0
942,0,0.4066,0.6299,0.3869,0.6344,0.0
943,0,0.4966,0.7678,0.4822,0.7732,0.0
944,0,0.5864,0.9045,0.5653,0.9077,0.0
945,0,0.676,1.0396,0.6527,1.0507,0.0
946,0,0.7653,1.1732,0.7454,1.1764,0.0
947,0,0.8543,1.3048,0.8366,1.3115,0.0
948,1,0.943,1.4343,0.9196,1.4364,0.0
949,1,1.0312,1.5615,1.0119,1.561,0.0
950,1,1.1191,1.6861,1.0947,1.6857,0.0
951,1,1.2065,1.8081,1.1801,1.8023,0.0
952,1,1.2934,1.9271,1.2695,1.9194,0.0
953,1,1.3798,2.043,1.3569,2.0327,0.0
954,1,1.4657,2.1556,1.4434,2.1464,0.0
955,1,1.5509,2.2647,1.5242,2.2581,0.0
956,1,1.6355,2.3701,1.6107,2.3639,0.0
957,1,1.7195,2.4718,1.6886,2.4706,0.0
958,1,1.8027,2.5694,1.7778,2.5589,0.0
959,1,1.8853,2.6628,1.8542,2.6509,0.0
960,1,1.967,2.752,1.9358,2.7466,0.0
961,1,2.048,2.8367,2.0146,2.8302,0.0
962,1,2.1281,2.9168,2.0959,2.896,0.0
963,1,2.2074,2.9923,2.1697,2.9671,0.0
964,1,2.2858,3.0628,2.2447,3.0458,0.0
965,1,2.3633,3.1284,2.3225,3.1152,0.0
966,1,2.4398,3.189,2.4007,3.1732,0.0
967,1,2.5153,3.2444,2.4735,3.22,0.0
968,1,2.5898,3.2946,2.5425,3.2734,0.0
969,1,2.6633,3.3394,2.6133,3.3184,0.0
970,1,2.7357,3.3788,2.6906,3.3625,0.0
971,1,2.807,3.4128,2.7547,3.3914,0.0
972,1,2.8771,3.4413,2.8223,3.415,0.0
973,1,2.9461,3.4641,2.8926,3.4349,0.0
974,1,3.0139,3.4814,2.9544,3.4626,0.0
975,1,3.0805,3.4931,3.0184,3.4735,0.0
976,1,3.1458,3.4991,3.0802,3.4811,0.0
977,1,3.2098,3.4995,3.1533,3.4895,0.0
978,1,3.2726,3.4942,3.2007,3.4744,0.0
979,1,3.334,3.4832,3.2696,3.4632,0.0
980,0,3.3941,3.4666,3.3252,3.4474,0.0
981,0,3.4528,3.4444,3.3891,3.4185,0.0
982,0,3.5102,3.4167,3.4379,3.3981,0.0
983,0,3.5661,3.3834,3.4988,3.3639,0.0
984,0,3.6205,3.3446,3.5544,3.3301,0.0
985,0,3.6735,3.3005,3.6035,3.283,0.0
986,0,3.725,3.251,3.6626,3.2228,0.0
987,0,3.775,3.1962,3.7071,3.184,0.0
988,0,3.8235,3.1363,3.7553,3.1078,0.0
989,0,3.8705,3.0713,3.799,3.049,0.0
990,1,3.9158,3.0013,3.8505,2.9818,0.0
991,1,3.9596,2.9265,3.8877,2.9044,0.0
992,1,4.0018,2.847,3.9268,2.8279,0.0
993,1,4.0424,2.7628,3.9708,2.7464,0.0
994,1,4.0813,2.6742,4.0148,2.6583,0.0
995,1,4.1186,2.5813,4.0474,2.5581,0.0
996,1,4.1542,2.4842,4.0792,2.4668,0.0
997,1,4.1881,2.3831,4.1187,2.3581,0.0
998,1,4.2204,2.2781,4.1511,2.2532,0.0
999,1,4.2509,2.1694,4.1784,2.1426,0.0
1000,1,4.2798,2.0572,4.2123,2.0436,0.0
1001,1,4.3068,1.9418,4.2385,1.9216,0.0
1002,1,4.3322,1.8231,4.2646,1.8043,0.0
1003,1,4.3558,1.7015,4.2886,1.6845,0.0
1004,1,4.3776,1.5772,4.3113,1.5623,0.0
1005,0,4.3977,1.4503,4.3271,1.4313,0.0
1006,1,4.416,1.3211,4.3469,1.308,0.0
1007,1,4.4325,1.1897,4.3603,1.1737,0.0
1008,1,4.4472,1.0564,4.3779,1.0434,0.0
1009,1,4.4601,0.9214,4.3943,0.9069,0.0
1010,1,4.4713,0.7849,4.4069,0.7657,0.0
1011,1,4.4806,0.6472,4.4143,0.6312,0.0
1012,1,4.4881,0.5084,4.4251,0.4939,0.0
1013,1,4.4937,0.3688,4.4303,0.3553,0.0
1014,1,4.4976,0.2285,4.4355,0.2148,0.0
1015,1,4.4996,0.088,4.4335,0.075,0.0
1016,1,4.4999,-0.0528,4.4337,-0.0628,0.0
1017,0,4.4983,-0.1934,4.4333,-0.2075,0.0
1018,0,4.4949,-0.3338,4.4261,-0.3469,0.0
1019,0,4.4896,-0.4736,4.4191,-0.4859,0.0
1020,0,4.4826,-0.6126,4.4158,-0.6231,0.0
1021,1,4.4737,-0.7506,4.4049,-0.7654,0.0
1022,1,4.4631,-0.8874,4.4052,-0.8959,0.0
1023,1,4.4506,-1.0228,4.3843,-1.0383,0.0
1024,1,4.4364,-1.1566,4.3715,-1.165,0.0
1025,1,4.4203,-1.2884,4.3533,-1.2886,0.0
1026,1,4.4024,-1.4182,4.3292,-1.4178,0.0
1027,1,4.3828,-1.5457,4.322,-1.5493,0.0
1028,1,4.3614,-1.6707,4.2944,-1.6762,0.0
1029,1,4.3383,-1.793,4.2738,-1.7972,0.0
1030,1,4.3133,-1.9124,4.248,-1.9112,0.0
1031,1,4.2867,-2.0287,4.2293,-2.0308,0.0
1032,1,4.2583,-2.1417,4.2003,-2.1467,0.0
1033,1,4.2282,-2.2513,4.1639,-2.2546,0.0
1034,1,4.1964,-2.3572,4.1353,-2.357,0.0
1035,1,4.1628,-2.4593,4.1067,-2.4558,0.0
1036,1,4.1276,-2.5574,4.0743,-2.5489,0.0
1037,1,4.0908,-2.6514,4.0351,-2.6471,0.0
1038,1,4.0523,-2.7411,3.9953,-2.7449,0.0
1039,1,4.0121,-2.8264,3.9629,-2.825,0.0
1040,0,3.9703,-2.9071,3.9162,-2.9133,0.0
1041,0,3.9269,-2.9831,3.8672,-2.9865,0.0
1042,0,3.8819,-3.0543,3.8309,-3.0519,0.0
1043,0,3.8354,-3.1205,3.7768,-3.122,0.0
1044,0,3.7873,-3.1817,3.7263,-3.1829,0.0
1045,0,3.7377,-3.2378,3.683,-3.2283,0.0
1046,0,3.6865,-3.2886,3.6373,-3.2885,0.0
1047,0,3.6339,-3.3341,3.587,-3.326,0.0
1048,0,3.5798,-3.3742,3.5343,-3.3737,0.0
1049,0,3.5243,-3.4089,3.4685,-3.4053,0.0
1050,0,3.4673,-3.438,3.4199,-3.4325,0.0
1051,0,3.4089,-3.4616,3.362,-3.4606,0.0
1052,0,3.3492,-3.4796,3.3044,-3.4813,0.0
1053,0,3.2881,-3.4919,3.2448,-3.49,0.0
1054,0,3.2257,-3.4987,3.1906,-3.503,0.0
1055,0,3.1619,-3.4997,3.1353,-3.5068,0.0
1056,0,3.0969,-3.4951,3.0615,-3.4888,0.0
1057,0,3.0306,-3.4849,2.997,-3.4813,0.0
1058,0,2.9632,-3.469,2.929,-3.463,0.0
1059,0,2.8945,-3.4475,2.8569,-3.4402,0.0
1060,0,2.8246,-3.4204,2.7836,-3.4187,0.0
1061,0,2.7536,-3.3878,2.7186,-3.3824,0.0
1062,0,2.6815,-3.3498,2.6444,-3.3444,0.0
1063,0,2.6083,-3.3063,2.5712,-3.2989,0.0
1064,0,2.5341,-3.2574,2.5022,-3.2534,0.0
1065,0,2.4588,-3.2033,2.4223,-3.192,0.0
1066,0,2.3825,-3.1441,2.3441,-3.1349,0.0
1067,0,2.3053,-3.0797,2.2673,-3.0757,0.0
1068,0,2.2271,-3.0104,2.1971,-3.0016,0.0
1069,0,2.148,-2.9361,2.1172,-2.9295,0.0
1070,0,2.0681,-2.8572,2.0442,-2.854,0.0
1071,0,1.9873,-2.7736,1.9587,-2.7673,0.0
1072,0,1.9058,-2.6855,1.8783,-2.6816,0.0
1073,0,1.8234,-2.5931,1.7984,-2.58,0.0
1074,0,1.7403,-2.4965,1.7208,-2.4874,0.0
1075,0,1.6566,-2.3959,1.629,-2.3849,0.0
1076,0,1.5721,-2.2914,1.5501,-2.2715,0.0
1077,0,1.487,-2.1832,1.4651,-2.1745,0.0
1078,0,1.4013,-2.0715,1.3792,-2.0625,0.0
1079,0,1.3151,-1.9564,1.2932,-1.9373,0.0
1080,0,1.2283,-1.8381,1.2028,-1.8284,0.0
1081,0,1.141,-1.7169,1.1236,-1.7077,0.0
1082,0,1.0533,-1.5929,1.0393,-1.593,0.0
1083,0,0.9651,-1.4663,0.9508,-1.4633,0.0
1084,0,0.8765,-1.3374,0.8617,-1.3328,0.0
1085,0,0.7876,-1.2063,0.7701,-1.1999,0.0
1086,0,0.6984,-1.0732,0.6773,-1.0718,0.0
1087,0,0.6089,-0.9384,0.5925,-0.9327,0.0
1088,0,0.5191,-0.8021,0.5008,-0.7971,0.0
1089,0,0.4291,-0.6645,0.4165,-0.6513,0.0
1090,0,0.339,-0.5258,0.327,-0.5209,0.0
1091,0,0.2487,-0.3863,0.2372,-0.3781,0.0
1092,0,0.1583,-0.2461,0.1407,-0.2371,0.0
1093,0,0.0679,-0.1055,0.0573,-0.1,0.0
1094,0,-0.0226,0.0352,-0.0391,0.0446,0.0
1095,0,-0.1131,0.1759,-0.1216,0.1871,0.0
1096,0,-0.2035,0.3162,-0.2118,0.3315,0.0
1097,0,-0.2938,0.4561,-0.3017,0.4767,0.0
1098,0,-0.3841,0.5953,-0.3981,0.6116,0.0
1099,0,-0.4741,0.7334,-0.4874,0.7437,0.0
1100,0,-0.564,0.8704,-0.574,0.8895,0.0
1101,0,-0.6536,1.006,-0.6626,1.0227,0.0
1102,0,-0.743,1.14,-0.745,1.1515,0.0
1103,0,-0.8321,1.2721,-0.8379,1.2804,0.0
1104,0,-0.9208,1.4021,-0.9205,1.4181,0.0
1105,0,-1.0092,1.5299,-1.0129,1.5408,0.0
1106,0,-1.0972,1.6552,-1.0964,1.6644,0.0
1107,0,-1.1847,1.7779,-1.1845,1.7838,0.0
1108,0,-1.2717,1.8976,-1.2617,1.9118,0.0
1109,0,-1.3583,2.0143,-1.3601,2.0254,0.0
1110,0,-1.4442,2.1278,-1.4404,2.1342,0.0
1111,0,-1.5296,2.2378,-1.5229,2.2458,0.0
1112,0,-1.6144,2.3441,-1.6086,2.3516,0.0
1113,0,-1.6985,2.4467,-1.6881,2.464,0.0
1114,0,-1.782,2.5454,-1.7769,2.5552,0.0
1115,0,-1.8647,2.6399,-1.8528,2.6459,0.0
1116,0,-1.9467,2.7301,-1.9357,2.7385,0.0
1117,0,-2.0278,2.816,-2.0112,2.8208,0.0
1118,0,-2.1082,2.8973,-2.0902,2.9081,0.0
1119,0,-2.1877,2.9739,-2.1637,2.9827,0.0
1120,0,-2.2663,3.0456,-2.2423,3.0541,0.0
1121,0,-2.344,3.1125,-2.3156,3.1149,0.0
1122,0,-2.4208,3.1743,-2.3906,3.1767,0.0
1123,0,-2.4965,3.231,-2.4722,3.2311,0.0
1124,0,-2.5713,3.2825,-2.5475,3.2822,0.0
1125,0,-2.645,3.3287,-2.6274,3.336,0.0
1126,0,-2.7177,3.3695,-2.694,3.3727,0.0
1127,0,-2.7893,3.4048,-2.7693,3.4129,0.0
1128,0,-2.8597,3.4347,-2.8353,3.445,0.0
1129,0,-2.929,3.4589,-2.9052,3.4598,0.0
1130,0,-2.9971,3.4776,-2.9729,3.4857,0.0
1131,0,-3.0639,3.4907,-3.0379,3.4971,0.0
1132,0,-3.1296,3.4981,-3.0998,3.5072,0.0
1133,0,-3.194,3.4999,-3.164,3.5068,0.0
1134,0,-3.257,3.496,-3.2316,3.5056,0.0
1135,0,-3.3188,3.4865,-3.2943,3.4911,0.0
1136,0,-3.3792,3.4713,-3.355,3.4841,0.0
1137,0,-3.4383,3.4505,-3.4017,3.4537,0.0
1138,0,-3.496,3.4241,-3.4562,3.4359,0.0
1139,0,-3.5522,3.3922,-3.516,3.3955,0.0
1140,0,-3.6071,3.3548,-3.5705,3.3607,0.0
1141,0,-3.6604,3.312,-3.634,3.3213,0.0
1142,0,-3.7123,3.2638,-3.6733,3.2776,0.0
1143,0,-3.7627,3.2104,-3.7193,3.2202,0.0
1144,0,-3.8115,3.1518,-3.7749,3.1599,0.0
1145,0,-3.8589,3.088,-3.8198,3.0995,0.0
1146,0,-3.9046,3.0193,-3.8643,3.0325,0.0
1147,0,-3.9488,2.9457,-3.91,2.9588,0.0
1148,0,-3.9914,2.8673,-3.9525,2.8779,0.0
1149,0,-4.0324,2.7843,-3.9918,2.7992,0.0
1150,0,-4.0717,2.6968,-4.0344,2.7079,0.0
1151,0,-4.1094,2.6049,-4.0751,2.6197,0.0
1152,0,-4.1455,2.5088,-4.1086,2.5253,0.0
1153,0,-4.1798,2.4087,-4.146,2.4236,0.0
1154,0,-4.2125,2.3047,-4.1728,2.3136,0.0
1155,0,-4.2435,2.1969,-4.2145,2.2086,0.0
1156,0,-4.2727,2.0856,-4.2424,2.0979,0.0
1157,0,-4.3002,1.9709,-4.2766,1.9744,0.0
1158,0,-4.326,1.8531,-4.2967,1.8553,0.0
1159,0,-4.3501,1.7322,-4.3287,1.7362,0.0
1160,0,-4.3723,1.6085,-4.3435,1.6127,0.0
1161,0,-4.3929,1.4823,-4.3678,1.4833,0.0
1162,0,-4.4116,1.3536,-4.3884,1.361,0.0
1163,0,-4.4285,1.2227,-4.4015,1.2253,0.0
1164,0,-4.4437,1.0899,-4.4211,1.0906,0.0
1165,0,-4.4571,0.9553,-4.4332,0.9564,0.0
1166,0,-4.4686,0.8192,-4.437,0.8262,0.0
1167,0,-4.4784,0.6817,-4.4576,0.6849,0.0
1168,0,-4.4863,0.5432,-4.454,0.5515,0.0
1169,0,-4.4925,0.4037,-4.4647,0.4059,0.0
1170,0,-4.4968,0.2636,-4.465,0.2673,0.0
1171,0,-4.4993,0.1231,-4.4716,0.1233,0.0
1172,0,-4.5,-0.0176,-4.4638,-0.0131,0.0
1173,0,-4.4988,-0.1583,-4.4667,-0.154,0.0
1174,0,-4.4959,-0.2987,-4.4588,-0.2963,0.0
1175,0,-4.4911,-0.4387,-4.4627,-0.4347,0.0
1176,0,-4.4845,-0.5779,-4.4475,-0.5761,0.0
1177,0,-4.4761,-0.7162,-4.4407,-0.7137,0.0
1178,1,-4.4659,-0.8534,-4.4314,-0.8443,0.0
1179,1,-4.4539,-0.9891,-4.4159,-0.9862,0.0
1180,1,-4.4401,-1.1233,-4.4087,-1.1226,0.0
1181,1,-4.4245,-1.2557,-4.3939,-1.2552,0.0
1182,1,-4.4071,-1.386,-4.3754,-1.3834,0.0
1183,1,-4.3879,-1.5141,-4.3539,-1.5146,0.0
1184,1,-4.3669,-1.6397,-4.3302,-1.639,0.0
1185,1,-4.3442,-1.7627,-4.3115,-1.7616,0.0
1186,1,-4.3197,-1.8828,-4.2852,-1.8855,0.0
1187,1,-4.2935,-1.9999,-4.2605,-2.0001,0.0
1188,1,-4.2656,-2.1138,-4.2296,-2.1199,0.0
1189,1,-4.2359,-2.2242,-4.2093,-2.2271,0.0
1190,1,-4.2045,-2.331,-4.1719,-2.3222,0.0
1191,1,-4.1714,-2.4341,-4.1417,-2.4261,0.0
1192,1,-4.1366,-2.5333,-4.1072,-2.5354,0.0
1193,1,-4.1002,-2.6283,-4.0715,-2.6173,0.0
1194,1,-4.062,-2.7191,-4.0354,-2.7125,0.0
1195,1,-4.0223,-2.8055,-3.9989,-2.7953,0.0
1196,1,-3.9809,-2.8873,-3.96,-2.8806,0.0
1197,1,-3.9379,-2.9645,-3.9169,-2.9679,0.0
1198,1,-3.8933,-3.0369,-3.8606,-3.0344,0.0
1199,1,-3.8472,-3.1044,-3.8194,-3.0981,0.0
1200,1,-3.7995,-3.1669,-3.7699,-3.1551,0.0
1201,1,-3.7502,-3.2242,-3.7162,-3.2211,0.0
1202,1,-3.6995,-3.2764,-3.6734,-3.2716,0.0
1203,1,-3.6472,-3.3232,-3.6223,-3.3254,0.0
1204,1,-3.5935,-3.3647,-3.564,-3.3645,0.0
1205,1,-3.5383,-3.4007,-3.5069,-3.3994,0.0
1206,1,-3.4817,-3.4312,-3.4562,-3.4293,0.0
1207,1,-3.4237,-3.4562,-3.4008,-3.4634,0.0
1208,1,-3.3643,-3.4756,-3.3445,-3.4798,0.0
1209,1,-3.3035,-3.4894,-3.2778,-3.4924,0.0
1210,1,-3.2414,-3.4975,-3.2263,-3.5065,0.0
1211,1,-3.178,-3.5,-3.1542,-3.5028,0.0
1212,1,-3.1133,-3.4968,-3.0959,-3.5019,0.0
1213,1,-3.0473,-3.488,-3.0265,-3.492,0.0
1214,1,-2.9801,-3.4735,-2.9644,-3.4833,0.0
1215,1,-2.9118,-3.4534,-2.8947,-3.4601,0.0
1216,1,-2.8422,-3.4277,-2.8331,-3.4365,0.0
1217,1,-2.7715,-3.3965,-2.76,-3.404,0.0
1218,1,-2.6996,-3.3598,-2.7113,-3.3729,0.0
1219,1,-2.6267,-3.3177,-2.6316,-3.3333,0.0
1220,1,-2.5527,-3.2702,-2.5621,-3.2821,0.0
1221,1,-2.4777,-3.2174,-2.4826,-3.2243,0.0
1222,1,-2.4017,-3.1594,-2.407,-3.1753,0.0
1223,1,-2.3247,-3.0963,-2.3364,-3.1082,0.0
1224,1,-2.2467,-3.0282,-2.2533,-3.0403,0.0
1225,1,-2.1679,-2.9551,-2.1788,-2.9647,0.0
1226,1,-2.0882,-2.8774,-2.0931,-2.89,0.0
1227,1,-2.0076,-2.7949,-2.0182,-2.8022,0.0
1228,1,-1.9262,-2.708,-1.9299,-2.72,0.0
1229,1,-1.8441,-2.6166,-1.8536,-2.6253,0.0
1230,1,-1.7612,-2.5211,-1.7726,-2.5365,0.0
1231,1,-1.6776,-2.4214,-1.687,-2.4298,0.0
1232,1,-1.5933,-2.3179,-1.6023,-2.3293,0.0
1233,1,-1.5083,-2.2106,-1.5179,-2.2206,0.0
1234,1,-1.4228,-2.0997,-1.4288,-2.1147,0.0
1235,1,-1.3367,-1.9854,-1.3455,-2.0007,0.0
1236,1,-1.25,-1.868,-1.2525,-1.8774,0.0
1237,1,-1.1629,-1.7475,-1.1667,-1.7599,0.0
1238,1,-1.0752,-1.6241,-1.0784,-1.6302,0.0
1239,1,-0.9872,-1.4982,-0.994,-1.5185,0.0
1240,1,-0.8987,-1.3698,-0.9076,-1.3878,0.0
1241,1,-0.8099,-1.2392,-0.8226,-1.2592,0.0
1242,1,-0.7207,-1.1066,-0.7334,-1.1276,0.0
1243,1,-0.6313,-0.9722,-0.6435,-0.9959,0.0
1244,1,-0.5416,-0.8363,-0.5481,-0.8606,0.0
1245,1,-0.4516,-0.699,-0.4658,-0.7132,0.0
1246,1,-0.3615,-0.5605,-0.3717,-0.5809,0.0
1247,1,-0.2713,-0.4212,-0.2891,-0.4408,0.0
1248,1,-0.1809,-0.2812,-0.1925,-0.2994,0.0
1249,1,-0.0905,-0.1407,-0.1048,-0.1647,0.0
1250,1,-0.0,-0.0,-0.0169,-0.02,0.0
1251,1,0.0905,0.1407,0.0702,0.1178,0.0
1252,1,0.1809,0.2812,0.1668,0.2513,0.0
1253,1,0.2713,0.4212,0.2539,0.3972,0.0
1254,1,0.3615,0.5605,0.3376,0.5406,0.0
1255,1,0.4516,0.699,0.4283,0.6735,0.0
1256,1,0.5416,0.8363,0.5182,0.8087,0.0
1257,1,0.6313,0.9722,0.6137,0.9434,0.0
1258,1,0.7207,1.1066,0.7036,1.069,0.0
1259,1,0.8099,1.2392,0.7846,1.2021,0.0
1260,1,0.8987,1.3698,0.8799,1.3274,0.0
1261,1,0.9872,1.4982,0.9671,1.4605,0.0
1262,1,1.0752,1.6241,1.0542,1.592,0.0
1263,1,1.1629,1.7475,1.1421,1.7129,0.0
1264,1,1.25,1.868,1.2287,1.8325,0.0
1265,1,1.3367,1.9854,1.3099,1.9508,0.0
1266,1,1.4228,2.0997,1.3921,2.0696,0.0
1267,1,1.5083,2.2106,1.4819,2.1783,0.0
1268,1,1.5933,2.3179,1.5762,2.284,0.0
1269,1,1.6776,2.4214,1.6594,2.3848,0.0
1270,1,1.7612,2.5211,1.7388,2.4852,0.0
1271,1,1.8441,2.6166,1.8192,2.5811,0.0
1272,1,1.9262,2.708,1.9043,2.6795,0.0
1273,1,2.0076,2.7949,1.9836,2.7637,0.0
1274,1,2.0882,2.8774,2.0611,2.8476,0.0
1275,1,2.1679,2.9551,2.1469,2.9301,0.0
1276,1,2.2467,3.0282,2.2249,3.0005,0.0
1277,1,2.3247,3.0963,2.2988,3.0704,0.0
1278,1,2.4017,3.1594,2.3827,3.1365,0.0
1279,1,2.4777,3.2174,2.4519,3.1951,0.0
1280,1,2.5527,3.2702,2.5278,3.2423,0.0
1281,1,2.6267,3.3177,2.6047,3.2968,0.0
1282,1,2.6996,3.3598,2.6725,3.3348,0.0
1283,0,2.7715,3.3965,2.7452,3.3675,0.0
1284,1,2.8422,3.4277,2.8169,3.4019,0.0
1285,1,2.9118,3.4534,2.886,3.4245,0.0
1286,1,2.9801,3.4735,2.9578,3.4376,0.0
1287,1,3.0473,3.488,3.0251,3.452,0.0
1288,1,3.1133,3.4968,3.0877,3.4607,0.0
1289,1,3.178,3.5,3.1463,3.461,0.0
1290,1,3.2414,3.4975,3.218,3.4627,0.0
1291,1,3.3035,3.4894,3.2656,3.4508,0.0
1292,1,3.3643,3.4756,3.3382,3.4427,0.0
1293,1,3.4237,3.4562,3.4011,3.4206,0.0
1294,1,3.4817,3.4312,3.4497,3.3977,0.0
1295,1,3.5383,3.4007,3.5127,3.3789,0.0
1296,1,3.5935,3.3647,3.567,3.3328,0.0
1297,1,3.6472,3.3232,3.6191,3.2915,0.0
1298,1,3.6995,3.2764,3.6768,3.2463,0.0
1299,1,3.7502,3.2242,3.7198,3.1891,0.0
1300,1,3.7995,3.1669,3.7677,3.1277,0.0
1301,1,3.8472,3.1044,3.8107,3.0662,0.0
1302,1,3.8933,3.0369,3.8631,3.0016,0.0
1303,1,3.9379,2.9645,3.9064,2.9235,0.0
1304,1,3.9809,2.8873,3.9502,2.853,0.0
1305,1,4.0223,2.8055,3.9942,2.7666,0.0
1306,1,4.062,2.7191,4.0309,2.6791,0.0
1307,1,4.1002,2.6283,4.0718,2.5828,0.0
1308,1,4.1366,2.5333,4.1033,2.497,0.0
1309,1,4.1714,2.4341,4.1362,2.399,0.0
1310,1,4.2045,2.331,4.1764,2.2974,0.0
1311,1,4.2359,2.2242,4.2183,2.1902,0.0
1312,1,4.2656,2.1138,4.2369,2.0813,0.0
1313,1,4.2935,1.9999,4.2699,1.9601,0.0
1314,1,4.3197,1.8828,4.2896,1.8472,0.0
1315,1,4.3442,1.7627,4.3222,1.7287,0.0
1316,1,4.3669,1.6397,4.335,1.5982,0.0
1317,1,4.3879,1.5141,4.3668,1.4809,0.0
1318,1,4.4071,1.386,4.3783,1.3448,0.0
1319,1,4.4245,1.2557,4.3986,1.2268,0.0
1320,1,4.4401,1.1233,4.4092,1.0924,0.0
1321,1,4.4539,0.9891,4.423,0.9532,0.0
1322,1,4.4659,0.8534,4.4419,0.8194,0.0
1323,1,4.4761,0.7162,4.4531,0.695,0.0
1324,1,4.4845,0.5779,4.4615,0.5531,0.0
1325,1,4.4911,0.4387,4.4683,0.4155,0.0
1326,1,4.4959,0.2987,4.4724,0.2738,0.0
1327,1,4.4988,0.1583,4.4737,0.1327,0.0
1328,1,4.5,0.0176,4.48,-0.0013,0.0
1329,1,4.4993,-0.1231,4.474,-0.1415,0.0
1330,1,4.4968,-0.2636,4.4762,-0.2889,0.0
1331,1,4.4925,-0.4037,4.4816,-0.4271,0.0
1332,1,4.4863,-0.5432,4.4715,-0.5604,0.0
1333,1,4.4784,-0.6817,4.4663,-0.7012,0.0
1334,1,4.4686,-0.8192,4.4564,-0.829,0.0
1335,1,4.4571,-0.9553,4.4431,-0.9753,0.0
1336,1,4.4437,-1.0899,4.4266,-1.0981,0.0
1337,1,4.4285,-1.2227,4.4139,-1.2351,0.0
1338,1,4.4116,-1.3536,4.4007,-1.3655,0.0
1339,1,4.3929,-1.4823,4.3767,-1.4968,0.0
1340,1,4.3723,-1.6085,4.3634,-1.6241,0.0
1341,1,4.3501,-1.7322,4.3346,-1.7355,0.0
1342,0,4.326,-1.8531,4.3148,-1.8588,0.0
1343,1,4.3002,-1.9709,4.2868,-1.975,0.0
1344,1,4.2727,-2.0856,4.2581,-2.0894,0.0
1345,1,4.2435,-2.1969,4.2291,-2.2038,0.0
1346,0,4.2125,-2.3047,4.1987,-2.3116,0.0
1347,1,4.1798,-2.4087,4.1737,-2.421,0.0
1348,1,4.1455,-2.5088,4.1328,-2.5141,0.0
1349,1,4.1094,-2.6049,4.0911,-2.605,0.0
1350,1,4.0717,-2.6968,4.054,-2.6995,0.0
1351,1,4.0324,-2.7843,4.0145,-2.7846,0.0
1352,1,3.9914,-2.8673,3.9806,-2.863,0.0
1353,1,3.9488,-2.9457,3.9379,-2.9497,0.0
1354,1,3.9046,-3.0193,3.8897,-3.0193,0.0
1355,1,3.8589,-3.088,3.8461,-3.086,0.0
1356,1,3.8115,-3.1518,3.7982,-3.15,0.0
1357,1,3.7627,-3.2104,3.749,-3.2036,0.0
1358,1,3.7123,-3.2638,3.6985,-3.2584,0.0
1359,1,3.6604,-3.312,3.6505,-3.303,0.0
1360,1,3.6071,-3.3548,3.598,-3.3499,0.0
1361,1,3.5522,-3.3922,3.537,-3.3874,0.0
1362,1,3.496,-3.4241,3.4875,-3.4227,0.0
1363,1,3.4383,-3.4505,3.4316,-3.4458,0.0
1364,1,3.3792,-3.4713,3.3745,-3.4633,0.0
1365,1,3.3188,-3.4865,3.3087,-3.4815,0.0
1366,1,3.257,-3.496,3.2526,-3.4851,0.0
1367,1,3.194,-3.4999,3.1857,-3.4935,0.0
1368,1,3.1296,-3.4981,3.1238,-3.4947,0.0
1369,1,3.0639,-3.4907,3.059,-3.4858,0.0
1370,1,2.9971,-3.4776,2.9913,-3.465,0.0
1371,1,2.929,-3.4589,2.9297,-3.4535,0.0
1372,1,2.8597,-3.4347,2.8503,-3.4348,0.0
1373,1,2.7893,-3.4048,2.7843,-3.3968,0.0
1374,1,2.7177,-3.3695,2.7111,-3.3641,0.0
1375,1,2.645,-3.3287,2.6309,-3.3259,0.0
1376,0,2.5713,-3.2825,2.5589,-3.2833,0.0
1377,0,2.4965,-3.231,2.4883,-3.2272,0.0
1378,0,2.4208,-3.1743,2.4068,-3.1721,0.0
1379,0,2.344,-3.1125,2.3345,-3.1104,0.0
1380,1,2.2663,-3.0456,2.2535,-3.0354,0.0
1381,1,2.1877,-2.9739,2.1784,-2.9688,0.0
1382,1,2.1082,-2.8973,2.0946,-2.8902,0.0
1383,1,2.0278,-2.816,2.0172,-2.8152,0.0
1384,1,1.9467,-2.7301,1.9347,-2.7333,0.0
1385,1,1.8647,-2.6399,1.8532,-2.6424,0.0
1386,1,1.782,-2.5454,1.7758,-2.5379,0.0
1387,1,1.6985,-2.4467,1.6887,-2.4446,0.0
1388,1,1.6144,-2.3441,1.6026,-2.3417,0.0
1389,1,1.5296,-2.2378,1.5163,-2.2395,0.0
1390,1,1.4442,-2.1278,1.4379,-2.1261,0.0
1391,0,1.3583,-2.0143,1.354,-2.0116,0.0
1392,0,1.2717,-1.8976,1.2661,-1.8914,0.0
1393,0,1.1847,-1.7779,1.1776,-1.7694,0.0
1394,0,1.0972,-1.6552,1.0845,-1.6429,0.0
1395,0,1.0092,-1.5299,1.0045,-1.5252,0.0
1396,0,0.9208,-1.4021,0.909,-1.3897,0.0
1397,0,0.8321,-1.2721,0.8217,-1.2638,0.0
1398,1,0.743,-1.14,0.7358,-1.131,0.0
1399,1,0.6536,-1.006,0.6451,-1.0004,0.0
1400,1,0.564,-0.8704,0.5603,-0.8607,0.0
1401,1,0.4741,-0.7334,0.467,-0.7265,0.0
1402,1,0.3841,-0.5953,0.3811,-0.5909,0.0
1403,1,0.2938,-0.4561,0.2897,-0.4481,0.0
1404,1,0.2035,-0.3162,0.1971,-0.305,0.0
1405,1,0.1131,-0.1759,0.1123,-0.1728,0.0
1406,1,0.0226,-0.0352,0.0192,-0.0392,0.0
1407,1,-0.0679,0.1055,-0.075,0.1263,0.0
1408,1,-0.1583,0.2461,-0.165,0.2547,0.0
1409,1,-0.2487,0.3863,-0.2515,0.4066,0.0
1410,1,-0.339,0.5258,-0.3412,0.5468,0.0
1411,1,-0.4291,0.6645,-0.4387,0.6739,0.0
1412,1,-0.5191,0.8021,-0.525,0.8089,0.0
1413,1,-0.6089,0.9384,-0.6158,0.9508,0.0
1414,1,-0.6984,1.0732,-0.7067,1.0864,0.0
1415,1,-0.7876,1.2063,-0.796,1.2203,0.0
1416,1,-0.8765,1.3374,-0.8813,1.349,0.0
1417,1,-0.9651,1.4663,-0.9736,1.4814,0.0
1418,1,-1.0533,1.5929,-1.0613,1.6042,0.0
1419,0,-1.141,1.7169,-1.1492,1.7336,0.0
1420,0,-1.2283,1.8381,-1.2398,1.8525,0.0
1421,0,-1.3151,1.9564,-1.3209,1.9748,0.0
1422,0,-1.4013,2.0715,-1.4062,2.0821,0.0
1423,0,-1.487,2.1832,-1.4946,2.2058,0.0
1424,1,-1.5721,2.2914,-1.5857,2.2999,0.0
1425,1,-1.6566,2.3959,-1.6652,2.4123,0.0
1426,1,-1.7403,2.4965,-1.7489,2.5148,0.0
1427,1,-1.8234,2.5931,-1.8341,2.5977,0.0
1428,1,-1.9058,2.6855,-1.9219,2.7056,0.0
1429,1,-1.9873,2.7736,-1.9944,2.7941,0.0
1430,1,-2.0681,2.8572,-2.0768,2.8889,0.0
1431,1,-2.148,2.9361,-2.1642,2.9562,0.0
1432,1,-2.2271,3.0104,-2.2428,3.0301,0.0
1433,1,-2.3053,3.0797,-2.3132,3.0918,0.0
1434,1,-2.3825,3.1441,-2.3929,3.1683,0.0
1435,1,-2.4588,3.2033,-2.4596,3.2266,0.0
1436,1,-2.5341,3.2574,-2.5431,3.2759,0.0
1437,1,-2.6083,3.3063,-2.6097,3.3284,0.0
1438,0,-2.6815,3.3498,-2.6851,3.374,0.0
1439,0,-2.7536,3.3878,-2.7563,3.3989,0.0
1440,0,-2.8246,3.4204,-2.8235,3.4508,0.0
1441,0,-2.8945,3.4475,-2.8936,3.4773,0.0
1442,0,-2.9632,3.469,-2.9571,3.4947,0.0
1443,0,-3.0306,3.4849,-3.0198,3.5111,0.0
1444,1,-3.0969,3.4951,-3.0905,3.5192,0.0
1445,1,-3.1619,3.4997,-3.1649,3.5228,0.0
1446,1,-3.2257,3.4987,-3.2225,3.5228,0.0
1447,1,-3.2881,3.4919,-3.2833,3.5218,0.0
1448,1,-3.3492,3.4796,-3.3521,3.514,0.0
1449,1,-3.4089,3.4616,-3.407,3.4959,0.0
1450,1,-3.4673,3.438,-3.461,3.472,0.0
1451,1,-3.5243,3.4089,-3.525,3.4389,0.0
1452,1,-3.5798,3.3742,-3.5715,3.4036,0.0
1453,1,-3.6339,3.3341,-3.6287,3.3626,0.0
1454,1,-3.6865,3.2886,-3.6817,3.3196,0.0
1455,1,-3.7377,3.2378,-3.7351,3.2651,0.0
1456,1,-3.7873,3.1817,-3.7836,3.2197,0.0
1457,1,-3.8354,3.1205,-3.8408,3.151,0.0
1458,1,-3.8819,3.0543,-3.885,3.0755,0.0
1459,1,-3.9269,2.9831,-3.9278,3.0049,0.0
1460,1,-3.9703,2.9071,-3.9713,2.9355,0.0
1461,0,-4.0121,2.8264,-4.0065,2.8588,0.0
1462,0,-4.0523,2.7411,-4.0457,2.7724,0.0
1463,0,-4.0908,2.6514,-4.0905,2.6766,0.0
1464,0,-4.1276,2.5574,-4.1184,2.5872,0.0
1465,1,-4.1628,2.4593,-4.1592,2.4894,0.0
1466,1,-4.1964,2.3572,-4.1912,2.3875,0.0
1467,1,-4.2282,2.2513,-4.2195,2.289,0.0
1468,1,-4.2583,2.1417,-4.255,2.1759,0.0
1469,1,-4.2867,2.0287,-4.2756,2.0611,0.0
1470,1,-4.3133,1.9124,-4.3056,1.9407,0.0
1471,1,-4.3383,1.793,-4.3263,1.831,0.0
1472,1,-4.3614,1.6707,-4.3465,1.7073,0.0
1473,1,-4.3828,1.5457,-4.3679,1.578,0.0
1474,1,-4.4024,1.4182,-4.3844,1.4558,0.0
1475,1,-4.4203,1.2884,-4.4044,1.325,0.0
1476,1,-4.4364,1.1566,-4.4173,1.1891,0.0
1477,1,-4.4506,1.0228,-4.4241,1.0608,0.0
1478,1,-4.4631,0.8874,-4.4394,0.9263,0.0
1479,1,-4.4737,0.7506,-4.4505,0.7881,0.0
1480,0,-4.4826,0.6126,-4.452,0.6491,0.0
1481,0,-4.4896,0.4736,-4.4702,0.5178,0.0
1482,0,-4.4949,0.3338,-4.4729,0.3727,0.0
1483,1,-4.4983,0.1934,-4.4843,0.2322,0.0
1484,1,-4.4999,0.0528,-4.4805,0.0988,0.0
1485,1,-4.4996,-0.088,-4.4841,-0.0556,0.0
1486,1,-4.4976,-0.2285,-4.4788,-0.1929,0.0
1487,1,-4.4937,-0.3688,-4.4824,-0.3205,0.0
1488,1,-4.4881,-0.5084,-4.4729,-0.4615,0.0
1489,1,-4.4806,-0.6472,-4.4706,-0.594,0.0
1490,1,-4.4713,-0.7849,-4.4525,-0.7397,0.0
1491,1,-4.4601,-0.9214,-4.4461,-0.8731,0.0
1492,0,-4.4472,-1.0564,-4.4282,-1.0049,0.0
1493,0,-4.4325,-1.1897,-4.411,-1.139,0.0
1494,0,-4.416,-1.3211,-4.4025,-1.2748,0.0
1495,0,-4.3977,-1.4503,-4.3829,-1.3939,0.0
1496,0,-4.3776,-1.5772,-4.3674,-1.523,0.0
1497,1,-4.3558,-1.7015,-4.3516,-1.6422,0.0
1498,1,-4.3322,-1.8231,-4.3248,-1.773,0.0
1499,1,-4.3068,-1.9418,-4.2946,-1.8889,0.0
1500,1,-4.2798,-2.0572,-4.2639,-1.9978,0.0
1501,1,-4.2509,-2.1694,-4.2477,-2.1141,0.0
1502,1,-4.2204,-2.2781,-4.2186,-2.2142,0.0
1503,1,-4.1881,-2.3831,-4.1832,-2.3253,0.0
1504,1,-4.1542,-2.4842,-4.1408,-2.4272,0.0
1505,1,-4.1186,-2.5813,-4.1085,-2.5254,0.0
1506,1,-4.0813,-2.6742,-4.0732,-2.6216,0.0
1507,1,-4.0424,-2.7628,-4.0313,-2.7064,0.0
1508,1,-4.0018,-2.847,-3.9915,-2.7976,0.0
1509,1,-3.9596,-2.9265,-3.9508,-2.871,0.0
1510,1,-3.9158,-3.0013,-3.9062,-2.9534,0.0
1511,1,-3.8705,-3.0713,-3.8514,-3.0219,0.0
1512,1,-3.8235,-3.1363,-3.8086,-3.0861,0.0
1513,1,-3.775,-3.1962,-3.7591,-3.139,0.0
1514,1,-3.725,-3.251,-3.7105,-3.1938,0.0
1515,1,-3.6735,-3.3005,-3.6591,-3.247,0.0
1516,1,-3.6205,-3.3446,-3.6014,-3.2904,0.0
1517,1,-3.5661,-3.3834,-3.5562,-3.3369,0.0
1518,1,-3.5102,-3.4167,-3.4954,-3.3748,0.0
1519,1,-3.4528,-3.4444,-3.4274,-3.4018,0.0
1520,0,-3.3941,-3.4666,-3.3764,-3.4256,0.0
1521,0,-3.334,-3.4832,-3.3162,-3.4384,0.0
1522,1,-3.2726,-3.4942,-3.2547,-3.4577,0.0
1523,1,-3.2098,-3.4995,-3.1908,-3.4561,0.0
1524,1,-3.1458,-3.4991,-3.1239,-3.4616,0.0
1525,1,-3.0805,-3.4931,-3.0639,-3.4499,0.0
1526,1,-3.0139,-3.4814,-2.9954,-3.4359,0.0
1527,1,-2.9461,-3.4641,-2.9269,-3.4296,0.0
1528,1,-2.8771,-3.4413,-2.8546,-3.4028,0.0
1529,1,-2.807,-3.4128,-2.7912,-3.3823,0.0
1530,1,-2.7357,-3.3788,-2.7112,-3.3474,0.0
1531,1,-2.6633,-3.3394,-2.64,-3.308,0.0
1532,1,-2.5898,-3.2946,-2.5677,-3.2648,0.0
1533,1,-2.5153,-3.2444,-2.4891,-3.2187,0.0
1534,1,-2.4398,-3.189,-2.4183,-3.1615,0.0
1535,1,-2.3633,-3.1284,-2.3324,-3.1072,0.0
1536,1,-2.2858,-3.0628,-2.2623,-3.0439,0.0
1537,1,-2.2074,-2.9923,-2.1877,-2.9713,0.0
1538,1,-2.1281,-2.9168,-2.1009,-2.8875,0.0
1539,1,-2.048,-2.8367,-2.034,-2.8104,0.0
1540,1,-1.967,-2.752,-1.9496,-2.7328,0.0
1541,1,-1.8853,-2.6628,-1.864,-2.6514,0.0
1542,1,-1.8027,-2.5694,-1.7785,-2.5522,0.0
1543,1,-1.7195,-2.4718,-1.6938,-2.4499,0.0
1544,0,-1.6355,-2.3701,-1.6268,-2.3509,0.0
1545,0,-1.5509,-2.2647,-1.5394,-2.2424,0.0
1546,0,-1.4657,-2.1556,-1.4451,-2.136,0.0
1547,0,-1.3798,-2.043,-1.3574,-2.0217,0.0
1548,0,-1.2934,-1.9271,-1.275,-1.9096,0.0
1549,0,-1.2065,-1.8081,-1.1874,-1.7892,0.0
1550,1,-1.1191,-1.6861,-1.0948,-1.6712,0.0
1551,1,-1.0312,-1.5615,-1.0034,-1.5524,0.0
1552,1,-0.943,-1.4343,-0.9197,-1.4192,0.0
1553,1,-0.8543,-1.3048,-0.8253,-1.2959,0.0
1554,1,-0.7653,-1.1732,-0.7362,-1.1674,0.0
1555,1,-0.676,-1.0396,-0.6469,-1.0298,0.0
1556,1,-0.5864,-0.9045,-0.5575,-0.8952,0.0
1557,1,-0.4966,-0.7678,-0.4689,-0.7592,0.0
1558,1,-0.4066,-0.6299,-0.3798,-0.6224,0.0
1559,1,-0.3164,-0.491,-0.2935,-0.4868,0.0
1560,1,-0.2261,-0.3513,-0.1986,-0.3421,0.0
1561,1,-0.1357,-0.211,-0.1074,-0.2064,0.0
1562,0,-0.0452,-0.0704,-0.0112,-0.0624,0.0
1563,0,0.0452,0.0704,0.0826,0.0771,0.0
1564,0,0.1357,0.211,0.1654,0.2115,0.0
1565,0,0.2261,0.3513,0.2578,0.353,0.0
1566,0,0.3164,0.491,0.3512,0.496,0.0
1567,1,0.4066,0.6299,0.4394,0.6232,0.0
1568,0,0.4966,0.7678,0.5302,0.7727,0.0
1569,1,0.5864,0.9045,0.6242,0.9047,0.0
1570,1,0.676,1.0396,0.7145,1.0474,0.0
1571,1,0.7653,1.1732,0.806,1.1786,0.0
1572,1,0.8543,1.3048,0.8898,1.3177,0.0
1573,1,0.943,1.4343,0.9747,1.4345,0.0
1574,1,1.0312,1.5615,1.0687,1.5653,0.0
1575,1,1.1191,1.6861,1.1545,1.6868,0.0
1576,1,1.2065,1.8081,1.2391,1.815,0.0
1577,0,1.2934,1.9271,1.3365,1.9351,0.0
1578,0,1.3798,2.043,1.4275,2.0535,0.0
1579,0,1.4657,2.1556,1.5033,2.1629,0.0
1580,0,1.5509,2.2647,1.5888,2.2659,0.0
1581,0,1.6355,2.3701,1.6736,2.3757,0.0
1582,0,1.7195,2.4718,1.765,2.4785,0.0
1583,1,1.8027,2.5694,1.8357,2.5673,0.0
1584,1,1.8853,2.6628,1.9293,2.6631,0.0
1585,1,1.967,2.752,2.0077,2.748,0.0
1586,1,2.048,2.8367,2.0865,2.8368,0.0
1587,1,2.1281,2.9168,2.1675,2.9144,0.0
1588,1,2.2074,2.9923,2.2545,2.9896,0.0
1589,1,2.2858,3.0628,2.3326,3.059,0.0
1590,1,2.3633,3.1284,2.4079,3.131,0.0
1591,1,2.4398,3.189,2.4896,3.1862,0.0
1592,1,2.5153,3.2444,2.5616,3.2558,0.0
1593,1,2.5898,3.2946,2.6299,3.2998,0.0
1594,1,2.6633,3.3394,2.7036,3.3449,0.0
1595,1,2.7357,3.3788,2.7759,3.3786,0.0
1596,1,2.807,3.4128,2.851,3.4143,0.0
1597,1,2.8771,3.4413,2.9149,3.4445,0.0
1598,1,2.9461,3.4641,2.9919,3.4701,0.0
1599,1,3.0139,3.4814,3.0516,3.4896,0.0
1600,1,3.0805,3.4931,3.1224,3.4914,0.0
1601,1,3.1458,3.4991,3.1865,3.5028,0.0
1602,0,3.2098,3.4995,3.2562,3.5023,0.0
1603,0,3.2726,3.4942,3.3049,3.4944,0.0
1604,0,3.334,3.4832,3.3812,3.4842,0.0
1605,0,3.3941,3.4666,3.4256,3.4719,0.0
1606,1,3.4528,3.4444,3.4966,3.4458,0.0
1607,1,3.5102,3.4167,3.5501,3.4227,0.0
1608,1,3.5661,3.3834,3.6103,3.3915,0.0
1609,1,3.6205,3.3446,3.6687,3.3583,0.0
1610,1,3.6735,3.3005,3.7236,3.3088,0.0
1611,1,3.725,3.251,3.7769,3.2623,0.0
1612,1,3.775,3.1962,3.8238,3.2117,0.0
1613,1,3.8235,3.1363,3.8685,3.1494,0.0
1614,1,3.8705,3.0713,3.9152,3.0905,0.0
1615,0,3.9158,3.0013,3.9633,3.0213,0.0
1616,0,3.9596,2.9265,4.01,2.9418,0.0
1617,0,4.0018,2.847,4.0572,2.8645,0.0
1618,0,4.0424,2.7628,4.0888,2.7759,0.0
1619,0,4.0813,2.6742,4.1316,2.6853,0.0
1620,0,4.1186,2.5813,4.17,2.598,0.0
1621,0,4.1542,2.4842,4.2067,2.4937,0.0
1622,1,4.1881,2.3831,4.2427,2.3896,0.0
1623,1,4.2204,2.2781,4.2692,2.2799,0.0
1624,1,4.2509,2.1694,4.3031,2.1873,0.0
1625,1,4.2798,2.0572,4.3419,2.0711,0.0
1626,1,4.3068,1.9418,4.3576,1.9568,0.0
1627,1,4.3322,1.8231,4.3813,1.8364,0.0
1628,1,4.3558,1.7015,4.4008,1.7126,0.0
1629,1,4.3776,1.5772,4.4294,1.5918,0.0
1630,1,4.3977,1.4503,4.454,1.4671,0.0
1631,1,4.416,1.3211,4.4724,1.3391,0.0
1632,0,4.4325,1.1897,4.486,1.2018,0.0
1633,1,4.4472,1.0564,4.5,1.0776,0.0
1634,1,4.4601,0.9214,4.514,0.9345,0.0
1635,1,4.4713,0.7849,4.5265,0.804,0.0
1636,1,4.4806,0.6472,4.5329,0.669,0.0
1637,0,4.4881,0.5084,4.5341,0.5198,0.0
1638,0,4.4937,0.3688,4.5377,0.3845,0.0
1639,0,4.4976,0.2285,4.5432,0.2431,0.0
1640,0,4.4996,0.088,4.5479,0.0982,0.0
1641,0,4.4999,-0.0528,4.5527,-0.0439,0.0
1642,0,4.4983,-0.1934,4.5449,-0.1776,0.0
1643,0,4.4949,-0.3338,4.544,-0.3248,0.0
1644,1,4.4896,-0.4736,4.5354,-0.4648,0.0
1645,1,4.4826,-0.6126,4.531,-0.605,0.0
1646,1,4.4737,-0.7506,4.5242,-0.7441,0.0
1647,1,4.4631,-0.8874,4.5116,-0.8752,0.0
1648,1,4.4506,-1.0228,4.4964,-1.0156,0.0
1649,1,4.4364,-1.1566,4.4812,-1.1429,0.0
1650,1,4.4203,-1.2884,4.4719,-1.2796,0.0
1651,1,4.4024,-1.4182,4.4522,-1.4122,0.0
1652,1,4.3828,-1.5457,4.425,-1.543,0.0
1653,1,4.3614,-1.6707,4.4189,-1.6638,0.0
1654,1,4.3383,-1.793,4.3934,-1.7897,0.0
1655,1,4.3133,-1.9124,4.3696,-1.9074,0.0
1656,1,4.2867,-2.0287,4.3383,-2.0252,0.0
1657,1,4.2583,-2.1417,4.3083,-2.1392,0.0
1658,1,4.2282,-2.2513,4.2763,-2.2499,0.0
1659,1,4.1964,-2.3572,4.2469,-2.3524,0.0
1660,1,4.1628,-2.4593,4.2089,-2.4601,0.0
1661,1,4.1276,-2.5574,4.1726,-2.5538,0.0
1662,1,4.0908,-2.6514,4.139,-2.6529,0.0
1663,0,4.0523,-2.7411,4.0984,-2.7374,0.0
1664,0,4.0121,-2.8264,4.0583,-2.834,0.0
1665,0,3.9703,-2.9071,4.0083,-2.9029,0.0
1666,0,3.9269,-2.9831,3.9721,-2.977,0.0
1667,0,3.8819,-3.0543,3.9275,-3.0506,0.0
1668,0,3.8354,-3.1205,3.8855,-3.1242,0.0
1669,1,3.7873,-3.1817,3.8333,-3.1768,0.0
1670,1,3.7377,-3.2378,3.7766,-3.2419,0.0
1671,1,3.6865,-3.2886,3.732,-3.2989,0.0
1672,1,3.6339,-3.3341,3.6795,-3.3356,0.0
1673,1,3.5798,-3.3742,3.6219,-3.3793,0.0
1674,1,3.5243,-3.4089,3.5674,-3.4076,0.0
1675,1,3.4673,-3.438,3.5064,-3.4305,0.0
1676,1,3.4089,-3.4616,3.4483,-3.4609,0.0
1677,1,3.3492,-3.4796,3.3962,-3.4773,0.0
1678,1,3.2881,-3.4919,3.3273,-3.4924,0.0
1679,1,3.2257,-3.4987,3.2616,-3.4942,0.0
1680,0,3.1619,-3.4997,3.2048,-3.4989,0.0
1681,0,3.0969,-3.4951,3.1465,-3.495,0.0
1682,0,3.0306,-3.4849,3.0824,-3.4876,0.0
1683,0,2.9632,-3.469,3.0134,-3.471,0.0
1684,0,2.8945,-3.4475,2.9431,-3.4534,0.0
1685,0,2.8246,-3.4204,2.8719,-3.4146,0.0
1686,0,2.7536,-3.3878,2.8031,-3.3846,0.0
1687,0,2.6815,-3.3498,2.734,-3.3503,0.0
1688,0,2.6083,-3.3063,2.6573,-3.303,0.0
1689,0,2.5341,-3.2574,2.5888,-3.2533,0.0
1690,0,2.4588,-3.2033,2.5078,-3.1996,0.0
1691,0,2.3825,-3.1441,2.4377,-3.1473,0.0
1692,0,2.3053,-3.0797,2.3595,-3.0778,0.0
1693,0,2.2271,-3.0104,2.2751,-3.0114,0.0
1694,0,2.148,-2.9361,2.1947,-2.9355,0.0
1695,0,2.0681,-2.8572,2.117,-2.857,0.0
1696,0,1.9873,-2.7736,2.0322,-2.7825,0.0
1697,0,1.9058,-2.6855,1.9568,-2.6954,0.0
1698,0,1.8234,-2.5931,1.8737,-2.5961,0.0
1699,0,1.7403,-2.4965,1.7843,-2.4993,0.0
1700,0,1.6566,-2.3959,1.7045,-2.4007,0.0
1701,0,1.5721,-2.2914,1.6246,-2.3025,0.0
1702,0,1.487,-2.1832,1.5384,-2.1938,0.0
1703,0,1.4013,-2.0715,1.4524,-2.0821,0.0
1704,0,1.3151,-1.9564,1.3645,-1.9693,0.0
1705,0,1.2283,-1.8381,1.2857,-1.8481,0.0
1706,0,1.141,-1.7169,1.1825,-1.7353,0.0
1707,0,1.0533,-1.5929,1.1011,-1.605,0.0
1708,0,0.9651,-1.4663,1.0164,-1.4817,0.0
1709,0,0.8765,-1.3374,0.9316,-1.3547,0.0
1710,0,0.7876,-1.2063,0.8434,-1.225,0.0
1711,0,0.6984,-1.0732,0.7489,-1.0993,0.0
1712,0,0.6089,-0.9384,0.6619,-0.9467,0.0
1713,0,0.5191,-0.8021,0.5652,-0.8183,0.0
1714,0,0.4291,-0.6645,0.4833,-0.6774,0.0
1715,0,0.339,-0.5258,0.3902,-0.5421,0.0
1716,0,0.2487,-0.3863,0.2922,-0.4005,0.0
1717,0,0.1583,-0.2461,0.2017,-0.2549,0.0
1718,0,0.0679,-0.1055,0.1069,-0.1154,0.0
1719,0,-0.0226,0.0352,0.0187,0.0218,0.0
1720,0,-0.1131,0.1759,-0.0723,0.1602,0.0
1721,0,-0.2035,0.3162,-0.1666,0.2991,0.0
1722,0,-0.2938,0.4561,-0.2596,0.4433,0.0
1723,0,-0.3841,0.5953,-0.3489,0.5822,0.0
1724,0,-0.4741,0.7334,-0.4427,0.7165,0.0
1725,0,-0.564,0.8704,-0.5321,0.8626,0.0
1726,0,-0.6536,1.006,-0.6242,0.9982,0.0
1727,0,-0.743,1.14,-0.7075,1.1331,0.0
1728,0,-0.8321,1.2721,-0.8028,1.2689,0.0
1729,0,-0.9208,1.4021,-0.8878,1.396,0.0
1730,0,-1.0092,1.5299,-0.9725,1.529,0.0
1731,0,-1.0972,1.6552,-1.0653,1.6487,0.0
1732,0,-1.1847,1.7779,-1.1538,1.7755,0.0
1733,0,-1.2717,1.8976,-1.2313,1.8897,0.0
1734,0,-1.3583,2.0143,-1.3247,2.0076,0.0
1735,0,-1.4442,2.1278,-1.4137,2.1195,0.0
1736,0,-1.5296,2.2378,-1.4896,2.2316,0.0
1737,0,-1.6144,2.3441,-1.5721,2.3428,0.0
1738,0,-1.6985,2.4467,-1.662,2.4408,0.0
1739,0,-1.782,2.5454,-1.7477,2.5403,0.0
1740,0,-1.8647,2.6399,-1.832,2.6403,0.0
1741,0,-1.9467,2.7301,-1.9064,2.7241,0.0
1742,0,-2.0278,2.816,-1.9861,2.821,0.0
1743,0,-2.1082,2.8973,-2.0659,2.8901,0.0
1744,0,-2.1877,2.9739,-2.1423,2.9682,0.0
1745,0,-2.2663,3.0456,-2.2264,3.0411,0.0
1746,0,-2.344,3.1125,-2.3072,3.1161,0.0
1747,0,-2.4208,3.1743,-2.3836,3.1743,0.0
1748,0,-2.4965,3.231,-2.4552,3.2332,0.0
1749,0,-2.5713,3.2825,-2.5331,3.2812,0.0
1750,0,-2.645,3.3287,-2.6126,3.3243,0.0
1751,0,-2.7177,3.3695,-2.6901,3.3623,0.0
1752,0,-2.7893,3.4048,-2.7613,3.4008,0.0
1753,0,-2.8597,3.4347,-2.8269,3.4291,0.0
1754,0,-2.929,3.4589,-2.8964,3.4571,0.0
1755,0,-2.9971,3.4776,-2.9629,3.4802,0.0
1756,0,-3.0639,3.4907,-3.023,3.493,0.0
1757,0,-3.1296,3.4981,-3.0933,3.5074,0.0
1758,0,-3.194,3.4999,-3.16,3.4987,0.0
1759,0,-3.257,3.496,-3.2169,3.4923,0.0
1760,0,-3.3188,3.4865,-3.2877,3.498,0.0
1761,0,-3.3792,3.4713,-3.34,3.4775,0.0
1762,0,-3.4383,3.4505,-3.398,3.4621,0.0
1763,0,-3.496,3.4241,-3.4546,3.4267,0.0
1764,0,-3.5522,3.3922,-3.5035,3.3994,0.0
1765,0,-3.6071,3.3548,-3.5597,3.3602,0.0
1766,0,-3.6604,3.312,-3.61,3.3112,0.0
1767,0,-3.7123,3.2638,-3.6628,3.2751,0.0
1768,0,-3.7627,3.2104,-3.712,3.2104,0.0
1769,0,-3.8115,3.1518,-3.7658,3.1613,0.0
1770,0,-3.8589,3.088,-3.8077,3.1008,0.0
1771,0,-3.9046,3.0193,-3.8546,3.027,0.0
1772,0,-3.9488,2.9457,-3.899,2.9499,0.0
1773,0,-3.9914,2.8673,-3.934,2.8801,0.0
1774,0,-4.0324,2.7843,-3.9793,2.7948,0.0
1775,0,-4.0717,2.6968,-4.0139,2.7069,0.0
1776,0,-4.1094,2.6049,-4.0527,2.6128,0.0
1777,0,-4.1455,2.5088,-4.092,2.5207,0.0
1778,0,-4.1798,2.4087,-4.1265,2.4174,0.0
1779,0,-4.2125,2.3047,-4.1558,2.3065,0.0
1780,0,-4.2435,2.1969,-4.1891,2.2059,0.0
1781,0,-4.2727,2.0856,-4.2145,2.0912,0.0
1782,0,-4.3002,1.9709,-4.2415,1.9792,0.0
1783,0,-4.326,1.8531,-4.2678,1.8693,0.0
1784,0,-4.3501,1.7322,-4.2816,1.7389,0.0
1785,0,-4.3723,1.6085,-4.3203,1.6211,0.0
1786,0,-4.3929,1.4823,-4.3326,1.492,0.0
1787,0,-4.4116,1.3536,-4.3566,1.3653,0.0
1788,0,-4.4285,1.2227,-4.3634,1.2344,0.0
1789,0,-4.4437,1.0899,-4.3848,1.0959,0.0
1790,0,-4.4571,0.9553,-4.3993,0.9677,0.0
1791,0,-4.4686,0.8192,-4.4069,0.8321,0.0
1792,0,-4.4784,0.6817,-4.4215,0.6979,0.0
1793,0,-4.4863,0.5432,-4.4235,0.5632,0.0
1794,0,-4.4925,0.4037,-4.4326,0.4197,0.0
1795,0,-4.4968,0.2636,-4.4407,0.2816,0.0
1796,0,-4.4993,0.1231,-4.443,0.1441,0.0
1797,0,-4.5,-0.0176,-4.4459,-0.0033,0.0
1798,0,-4.4988,-0.1583,-4.4426,-0.1375,0.0
1799,0,-4.4959,-0.2987,-4.4419,-0.2792,0.0
1800,0,-4.4911,-0.4387,-4.4304,-0.4212,0.0
1801,0,-4.4845,-0.5779,-4.4219,-0.5594,0.0
1802,0,-4.4761,-0.7162,-4.421,-0.7029,0.0
1803,0,-4.4659,-0.8534,-4.4129,-0.8415,0.0
1804,0,-4.4539,-0.9891,-4.4004,-0.9756,0.0
1805,0,-4.4401,-1.1233,-4.3827,-1.1077,0.0
1806,0,-4.4245,-1.2557,-4.3744,-1.236,0.0
1807,0,-4.4071,-1.386,-4.3549,-1.363,0.0
1808,0,-4.3879,-1.5141,-4.3352,-1.4917,0.0
1809,0,-4.3669,-1.6397,-4.307,-1.6232,0.0
1810,0,-4.3442,-1.7627,-4.2885,-1.7543,0.0
1811,0,-4.3197,-1.8828,-4.2704,-1.8627,0.0
1812,0,-4.2935,-1.9999,-4.2419,-1.984,0.0
1813,0,-4.2656,-2.1138,-4.2119,-2.0976,0.0
1814,0,-4.2359,-2.2242,-4.1753,-2.2127,0.0
1815,0,-4.2045,-2.331,-4.1441,-2.3151,0.0
1816,0,-4.1714,-2.4341,-4.1152,-2.413,0.0
1817,0,-4.1366,-2.5333,-4.0731,-2.512,0.0
1818,0,-4.1002,-2.6283,-4.0452,-2.6094,0.0
1819,0,-4.062,-2.7191,-4.0016,-2.6951,0.0
1820,0,-4.0223,-2.8055,-3.9572,-2.7868,0.0
1821,0,-3.9809,-2.8873,-3.9234,-2.8613,0.0
1822,0,-3.9379,-2.9645,-3.8748,-2.9458,0.0
1823,0,-3.8933,-3.0369,-3.839,-3.0122,0.0
1824,0,-3.8472,-3.1044,-3.7903,-3.0812,0.0
1825,0,-3.7995,-3.1669,-3.7446,-3.1451,0.0
1826,0,-3.7502,-3.2242,-3.6934,-3.2094,0.0
1827,0,-3.6995,-3.2764,-3.6464,-3.2494,0.0
1828,0,-3.6472,-3.3232,-3.5936,-3.3018,0.0
1829,0,-3.5935,-3.3647,-3.5437,-3.344,0.0
1830,0,-3.5383,-3.4007,-3.4844,-3.3787,0.0
1831,0,-3.4817,-3.4312,-3.4285,-3.4113,0.0
1832,0,-3.4237,-3.4562,-3.3728,-3.4236,0.0
1833,0,-3.3643,-3.4756,-3.3149,-3.4435,0.0
1834,0,-3.3035,-3.4894,-3.2538,-3.4676,0.0
1835,0,-3.2414,-3.4975,-3.1922,-3.4708,0.0
1836,0,-3.178,-3.5,-3.1233,-3.4789,0.0
1837,0,-3.1133,-3.4968,-3.0572,-3.4741,0.0
1838,0,-3.0473,-3.488,-2.9995,-3.4674,0.0
1839,0,-2.9801,-3.4735,-2.9367,-3.4471,0.0
1840,0,-2.9118,-3.4534,-2.8662,-3.4263,0.0
1841,0,-2.8422,-3.4277,-2.797,-3.4033,0.0
1842,0,-2.7715,-3.3965,-2.7199,-3.3716,0.0
1843,0,-2.6996,-3.3598,-2.6545,-3.3405,0.0
1844,0,-2.6267,-3.3177,-2.5877,-3.2994,0.0
1845,0,-2.5527,-3.2702,-2.5093,-3.2548,0.0
1846,0,-2.4777,-3.2174,-2.43,-3.2009,0.0
1847,0,-2.4017,-3.1594,-2.3634,-3.1431,0.0
1848,0,-2.3247,-3.0963,-2.288,-3.079,0.0
1849,0,-2.2467,-3.0282,-2.207,-3.0101,0.0
1850,0,-2.1679,-2.9551,-2.1305,-2.9376,0.0
1851,0,-2.0882,-2.8774,-2.0474,-2.86,0.0
1852,0,-2.0076,-2.7949,-1.9625,-2.7793,0.0
1853,0,-1.9262,-2.708,-1.8909,-2.6911,0.0
1854,0,-1.8441,-2.6166,-1.8044,-2.6019,0.0
1855,0,-1.7612,-2.5211,-1.7176,-2.5024,0.0
1856,0,-1.6776,-2.4214,-1.6346,-2.4075,0.0
1857,0,-1.5933,-2.3179,-1.5539,-2.2961,0.0
1858,0,-1.5083,-2.2106,-1.469,-2.2003,0.0
1859,0,-1.4228,-2.0997,-1.3793,-2.0785,0.0
1860,0,-1.3367,-1.9854,-1.2916,-1.9737,0.0
1861,0,-1.25,-1.868,-1.205,-1.8464,0.0
1862,0,-1.1629,-1.7475,-1.1259,-1.7335,0.0
1863,0,-1.0752,-1.6241,-1.0299,-1.6095,0.0
1864,0,-0.9872,-1.4982,-0.9408,-1.4865,0.0
1865,0,-0.8987,-1.3698,-0.8464,-1.3624,0.0
1866,0,-0.8099,-1.2392,-0.7617,-1.2251,0.0
1867,0,-0.7207,-1.1066,-0.6704,-1.0936,0.0
1868,0,-0.6313,-0.9722,-0.5787,-0.9602,0.0
1869,0,-0.5416,-0.8363,-0.5039,-0.8266,0.0
1870,0,-0.4516,-0.699,-0.405,-0.6999,0.0
1871,0,-0.3615,-0.5605,-0.3126,-0.5476,0.0
1872,0,-0.2713,-0.4212,-0.2297,-0.4122,0.0
1873,0,-0.1809,-0.2812,-0.1404,-0.2697,0.0
1874,0,-0.0905,-0.1407,-0.0502,-0.141,0.0
1875,0,-0.0,-0.0,0.0419,0.0013,0.0
1876,0,0.0905,0.1407,0.1276,0.1383,0.0
1877,0,0.1809,0.2812,0.226,0.2743,0.0
1878,0,0.2713,0.4212,0.3172,0.4178,0.0
1879,0,0.3615,0.5605,0.4061,0.5516,0.0
1880,0,0.4516,0.699,0.4926,0.6977,0.0
1881,0,0.5416,0.8363,0.5787,0.8375,0.0
1882,0,0.6313,0.9722,0.6696,0.972,0.0
1883,0,0.7207,1.1066,0.7598,1.1125,0.0
1884,0,0.8099,1.2392,0.848,1.243,0.0
1885,0,0.8987,1.3698,0.9378,1.3709,0.0
1886,0,0.9872,1.4982,1.0267,1.5028,0.0
1887,0,1.0752,1.6241,1.1164,1.6321,0.0
1888,0,1.1629,1.7475,1.2057,1.7541,0.0
1889,0,1.25,1.868,1.2885,1.8782,0.0
1890,0,1.3367,1.9854,1.3741,1.9917,0.0
1891,0,1.4228,2.0997,1.4597,2.1052,0.0
1892,0,1.5083,2.2106,1.5409,2.2186,0.0
1893,0,1.5933,2.3179,1.6333,2.3222,0.0
1894,0,1.6776,2.4214,1.7221,2.4253,0.0
1895,0,1.7612,2.5211,1.8045,2.5201,0.0
1896,0,1.8441,2.6166,1.8896,2.617,0.0
1897,0,1.9262,2.708,1.9653,2.7199,0.0
1898,0,2.0076,2.7949,2.0487,2.7968,0.0
1899,0,2.0882,2.8774,2.1287,2.8849,0.0
1900,0,2.1679,2.9551,2.2122,2.9559,0.0
1901,0,2.2467,3.0282,2.2861,3.0265,0.0
1902,0,2.3247,3.0963,2.3678,3.0964,0.0
1903,0,2.4017,3.1594,2.4414,3.1578,0.0
1904,0,2.4777,3.2174,2.5253,3.223,0.0
1905,0,2.5527,3.2702,2.6012,3.2713,0.0
1906,0,2.6267,3.3177,2.6744,3.3115,0.0
1907,0,2.6996,3.3598,2.7492,3.352,0.0
1908,0,2.7715,3.3965,2.8208,3.394,0.0
1909,0,2.8422,3.4277,2.8901,3.4274,0.0
1910,0,2.9118,3.4534,2.9555,3.4512,0.0
1911,0,2.9801,3.4735,3.0229,3.4811,0.0
1912,0,3.0473,3.488,3.0852,3.4826,0.0
1913,0,3.1133,3.4968,3.1641,3.4927,0.0
1914,0,3.178,3.5,3.225,3.4983,0.0
1915,0,3.2414,3.4975,3.2844,3.494,0.0
1916,0,3.3035,3.4894,3.3476,3.4881,0.0
1917,0,3.3643,3.4756,3.4125,3.4842,0.0
1918,0,3.4237,3.4562,3.4717,3.4548,0.0
1919,0,3.4817,3.4312,3.5279,3.4308,0.0
1920,0,3.5383,3.4007,3.5846,3.3972,0.0
1921,0,3.5935,3.3647,3.6405,3.3667,0.0
1922,0,3.6472,3.3232,3.694,3.3204,0.0
1923,0,3.6995,3.2764,3.7471,3.2797,0.0
1924,0,3.7502,3.2242,3.7924,3.2294,0.0
1925,0,3.7995,3.1669,3.8335,3.1694,0.0
1926,0,3.8472,3.1044,3.8953,3.1012,0.0
1927,0,3.8933,3.0369,3.9333,3.0411,0.0
1928,0,3.9379,2.9645,3.9787,2.9597,0.0
1929,0,3.9809,2.8873,4.0262,2.883,0.0
1930,0,4.0223,2.8055,4.0674,2.7992,0.0
1931,0,4.062,2.7191,4.106,2.7285,0.0
1932,0,4.1002,2.6283,4.144,2.6302,0.0
1933,0,4.1366,2.5333,4.1844,2.53,0.0
1934,0,4.1714,2.4341,4.2164,2.436,0.0
1935,0,4.2045,2.331,4.2416,2.3348,0.0
1936,0,4.2359,2.2242,4.2788,2.2275,0.0
1937,0,4.2656,2.1138,4.3004,2.1148,0.0
1938,0,4.2935,1.9999,4.3281,1.9995,0.0
1939,0,4.3197,1.8828,4.3516,1.8775,0.0
1940,0,4.3442,1.7627,4.3772,1.7643,0.0
1941,0,4.3669,1.6397,4.4054,1.6339,0.0
1942,0,4.3879,1.5141,4.4296,1.5111,0.0
1943,0,4.4071,1.386,4.4438,1.3838,0.0
1944,0,4.4245,1.2557,4.4662,1.2562,0.0
1945,0,4.4401,1.1233,4.4816,1.1218,0.0
1946,0,4.4539,0.9891,4.4944,0.9947,0.0
1947,0,4.4659,0.8534,4.5039,0.8514,0.0
1948,0,4.4761,0.7162,4.5197,0.7143,0.0
1949,0,4.4845,0.5779,4.528,0.5758,0.0
1950,0,4.4911,0.4387,4.5301,0.4374,0.0
1951,0,4.4959,0.2987,4.5298,0.3062,0.0
1952,0,4.4988,0.1583,4.5385,0.1613,0.0
1953,0,4.5,0.0176,4.5335,0.0166,0.0
1954,0,4.4993,-0.1231,4.5396,-0.112,0.0
1955,0,4.4968,-0.2636,4.5365,-0.2497,0.0
1956,0,4.4925,-0.4037,4.5313,-0.3956,0.0
1957,0,4.4863,-0.5432,4.5331,-0.5285,0.0
1958,0,4.4784,-0.6817,4.5212,-0.6769,0.0
1959,0,4.4686,-0.8192,4.5069,-0.8078,0.0
1960,0,4.4571,-0.9553,4.493,-0.9493,0.0
1961,0,4.4437,-1.0899,4.4848,-1.0785,0.0
1962,0,4.4285,-1.2227,4.4678,-1.2067,0.0
1963,0,4.4116,-1.3536,4.4497,-1.3471,0.0
1964,0,4.3929,-1.4823,4.4328,-1.4694,0.0
1965,0,4.3723,-1.6085,4.4068,-1.6013,0.0
1966,0,4.3501,-1.7322,4.3852,-1.7264,0.0
1967,0,4.326,-1.8531,4.3673,-1.8458,0.0
1968,0,4.3002,-1.9709,4.3382,-1.9607,0.0
1969,0,4.2727,-2.0856,4.3074,-2.0735,0.0
1970,0,4.2435,-2.1969,4.2808,-2.1807,0.0
1971,0,4.2125,-2.3047,4.2439,-2.3001,0.0
1972,0,4.1798,-2.4087,4.2116,-2.3996,0.0
1973,0,4.1455,-2.5088,4.1821,-2.5021,0.0
1974,0,4.1094,-2.6049,4.1389,-2.5857,0.0
1975,0,4.0717,-2.6968,4.1039,-2.6852,0.0
1976,0,4.0324,-2.7843,4.0613,-2.7738,0.0
1977,0,3.9914,-2.8673,4.0185,-2.8567,0.0
1978,0,3.9488,-2.9457,3.9693,-2.9376,0.0
1979,0,3.9046,-3.0193,3.9313,-3.0019,0.0
1980,0,3.8589,-3.088,3.879,-3.0814,0.0
1981,0,3.8115,-3.1518,3.8341,-3.1449,0.0
1982,0,3.7627,-3.2104,3.78,-3.2026,0.0
1983,0,3.7123,-3.2638,3.7372,-3.2549,0.0
1984,0,3.6604,-3.312,3.6835,-3.2967,0.0
1985,0,3.6071,-3.3548,3.6305,-3.3404,0.0
1986,0,3.5522,-3.3922,3.5745,-3.3806,0.0
1987,0,3.496,-3.4241,3.5117,-3.4035,0.0
1988,0,3.4383,-3.4505,3.4561,-3.441,0.0
1989,0,3.3792,-3.4713,3.4014,-3.4565,0.0
1990,0,3.3188,-3.4865,3.3412,-3.4774,0.0
1991,0,3.257,-3.496,3.2748,-3.4817,0.0
1992,0,3.194,-3.4999,3.2116,-3.4832,0.0
1993,0,3.1296,-3.4981,3.1519,-3.4829,0.0
1994,0,3.0639,-3.4907,3.0866,-3.4743,0.0
1995,0,2.9971,-3.4776,3.0147,-3.4647,0.0
1996,0,2.929,-3.4589,2.9474,-3.443,0.0
1997,0,2.8597,-3.4347,2.8784,-3.4213,0.0
1998,0,2.7893,-3.4048,2.8098,-3.3937,0.0
1999,0,2.7177,-3.3695,2.7454,-3.3589,0.0
